<id_x995pm_14h_zjx1yu>	<Jafar_Sharif-Emami>	<isPoliticianOf>	<Iran>	
<id_x995pm_1s2_1exw152>	<Jafar_Sharif-Emami>	<isAffiliatedTo>	<Rastakhiz_Party>	
<id_x995pm_oyl_5uo9mw>	<Jafar_Sharif-Emami>	<wasBornIn>	<Tehran>	
<id_x995pm_10x_knw1r3>	<Jafar_Sharif-Emami>	<graduatedFrom>	<University_of_Tehran>	
<id_x995pm_dhj_1vjwjx8>	<Jafar_Sharif-Emami>	<diedIn>	<New_York_City>	
<id_x995pm_p3m_zkjp59>	<Jafar_Sharif-Emami>	<hasGender>	<male>	
<id_oyybfp_14h_zjx1yu>	<Abbas_Adham>	<isPoliticianOf>	<Iran>	
<id_oyybfp_p3m_zkjp59>	<Abbas_Adham>	<hasGender>	<male>	
<id_43caqn_14h_zjx1yu>	<Morteza_Mohammadkhan>	<isPoliticianOf>	<Iran>	
<id_43caqn_1s2_1edkg9z>	<Morteza_Mohammadkhan>	<isAffiliatedTo>	<Islamic_Republican_Party>	
<id_43caqn_10x_15qg9tn>	<Morteza_Mohammadkhan>	<graduatedFrom>	<K.N.Toosi_University_of_Technology>	
<id_43caqn_oyl_5uo9mw>	<Morteza_Mohammadkhan>	<wasBornIn>	<Tehran>	
<id_43caqn_10x_1s2a1mt>	<Morteza_Mohammadkhan>	<graduatedFrom>	<San_Jose_State_University>	
<id_43caqn_10x_caf3w3>	<Morteza_Mohammadkhan>	<graduatedFrom>	<University_of_Pune>	
<id_43caqn_p3m_zkjp59>	<Morteza_Mohammadkhan>	<hasGender>	<male>	
<id_aqjcdb_14h_zjx1yu>	<Ali_Larijani>	<isPoliticianOf>	<Iran>	
<id_aqjcdb_oyl_10r85zw>	<Ali_Larijani>	<wasBornIn>	<Najaf>	
<id_aqjcdb_1s2_yol6ui>	<Ali_Larijani>	<isAffiliatedTo>	<Islamic_Society_of_Engineers>	
<id_aqjcdb_p3m_zkjp59>	<Ali_Larijani>	<hasGender>	<male>	
<id_1u6k5mm_14h_zjx1yu>	<Mohammadreza_Nematzadeh>	<isPoliticianOf>	<Iran>	
<id_1u6k5mm_10x_iuom58>	<Mohammadreza_Nematzadeh>	<graduatedFrom>	<California_Polytechnic_State_University>	
<id_1u6k5mm_oyl_5sd9ji>	<Mohammadreza_Nematzadeh>	<wasBornIn>	<Tabriz>	
<id_1u6k5mm_p3m_zkjp59>	<Mohammadreza_Nematzadeh>	<hasGender>	<male>	
<id_k172qw_14h_zjx1yu>	<Mirza_Ali_Asghar_Khan_Amin_al-Sultan>	<isPoliticianOf>	<Iran>	
<id_k172qw_oyl_5uo9mw>	<Mirza_Ali_Asghar_Khan_Amin_al-Sultan>	<wasBornIn>	<Tehran>	
<id_k172qw_dhj_5uo9mw>	<Mirza_Ali_Asghar_Khan_Amin_al-Sultan>	<diedIn>	<Tehran>	
<id_1uqyqw3_14h_zjx1yu>	<de/Abolqasem_Naser_al_Molk>	<isPoliticianOf>	<Iran>	
<id_ozfjdo_14h_zjx1yu>	<Ahmad_Qavam>	<isPoliticianOf>	<Iran>	
<id_ozfjdo_oyl_5uo9mw>	<Ahmad_Qavam>	<wasBornIn>	<Tehran>	
<id_ozfjdo_dhj_5uo9mw>	<Ahmad_Qavam>	<diedIn>	<Tehran>	
<id_1leph85_11e_ozfjdo>	<Mohammad_Mosaddegh>	<hasChild>	<Ahmad_Qavam>	
<id_ozfjdo_p3m_zkjp59>	<Ahmad_Qavam>	<hasGender>	<male>	
<id_qoz2fv_14h_zjx1yu>	<Firouz_Nosrat-ed-Dowleh_III>	<isPoliticianOf>	<Iran>	
<id_qoz2fv_oyl_5uo9mw>	<Firouz_Nosrat-ed-Dowleh_III>	<wasBornIn>	<Tehran>	
<id_qoz2fv_11e_if18ga>	<Firouz_Nosrat-ed-Dowleh_III>	<hasChild>	<Mozaffar_Firouz>	
<id_qoz2fv_1s2_ulk8te>	<Firouz_Nosrat-ed-Dowleh_III>	<isAffiliatedTo>	<Revival_Party>	
<id_qoz2fv_p3m_zkjp59>	<Firouz_Nosrat-ed-Dowleh_III>	<hasGender>	<male>	
<id_1g9yriq_14h_zjx1yu>	<Hosein_Dadgar>	<isPoliticianOf>	<Iran>	
<id_1g9yriq_p3m_zkjp59>	<Hosein_Dadgar>	<hasGender>	<male>	
<id_c1x6cd_14h_zjx1yu>	<Hajj_Mirza_Aghasi>	<isPoliticianOf>	<Iran>	
<id_c1x6cd_oyl_4nvyfb>	<Hajj_Mirza_Aghasi>	<wasBornIn>	<Maku,_Iran>	
<id_c1x6cd_p3m_zkjp59>	<Hajj_Mirza_Aghasi>	<hasGender>	<male>	
<id_ybxt8k_14h_zjx1yu>	<Gholam_Hossein_Sadighi>	<isPoliticianOf>	<Iran>	
<id_ybxt8k_oyl_5uo9mw>	<Gholam_Hossein_Sadighi>	<wasBornIn>	<Tehran>	
<id_ybxt8k_dhj_5uo9mw>	<Gholam_Hossein_Sadighi>	<diedIn>	<Tehran>	
<id_ybxt8k_p3m_zkjp59>	<Gholam_Hossein_Sadighi>	<hasGender>	<male>	
<id_ybxt8k_1s2_1cwft1q>	<Gholam_Hossein_Sadighi>	<isAffiliatedTo>	<National_Front_(Iran)>	
<id_vf6wuz_14h_zjx1yu>	<Ahmad_Sadegh-Bonab>	<isPoliticianOf>	<Iran>	
<id_vf6wuz_p3m_zkjp59>	<Ahmad_Sadegh-Bonab>	<hasGender>	<male>	
<id_vtrn3n_14h_zjx1yu>	<Mohammad_Bahrami>	<isPoliticianOf>	<Iran>	
<id_1o0o82b_14h_zjx1yu>	<Mohammad-Ali_Rajai>	<isPoliticianOf>	<Iran>	
<id_1o0o82b_1s2_1edkg9z>	<Mohammad-Ali_Rajai>	<isAffiliatedTo>	<Islamic_Republican_Party>	
<id_1o0o82b_1s2_atzms7>	<Mohammad-Ali_Rajai>	<isAffiliatedTo>	<Freedom_Movement_of_Iran>	
<id_1o0o82b_oyl_4dnt01>	<Mohammad-Ali_Rajai>	<wasBornIn>	<Qazvin>	
<id_1o0o82b_11e_1645j2l>	<Mohammad-Ali_Rajai>	<hasChild>	<Mohammad-Javad_Bahonar>	
<id_1o0o82b_dhj_5uo9mw>	<Mohammad-Ali_Rajai>	<diedIn>	<Tehran>	
<id_1o0o82b_11e_5mxh1z>	<Mohammad-Ali_Rajai>	<hasChild>	<Ali_Khamenei>	
<id_1o0o82b_p3m_zkjp59>	<Mohammad-Ali_Rajai>	<hasGender>	<male>	
<id_14kzoll_11e_1cu4v1a>	<Ahmad_Jannati>	<hasChild>	<Ali_Jannati>	
<id_1cu4v1a_14h_zjx1yu>	<Ali_Jannati>	<isPoliticianOf>	<Iran>	
<id_1cu4v1a_p3m_zkjp59>	<Ali_Jannati>	<hasGender>	<male>	
<id_1fvjcn8_14h_zjx1yu>	<Hossein_Fatemi>	<isPoliticianOf>	<Iran>	
<id_1fvjcn8_dhj_5uo9mw>	<Hossein_Fatemi>	<diedIn>	<Tehran>	
<id_1fvjcn8_10x_knw1r3>	<Hossein_Fatemi>	<graduatedFrom>	<University_of_Tehran>	
<id_1fvjcn8_oyl_1i477vl>	<Hossein_Fatemi>	<wasBornIn>	<Nain,_Iran>	
<id_1fvjcn8_1s2_1cwft1q>	<Hossein_Fatemi>	<isAffiliatedTo>	<National_Front_(Iran)>	
<id_1fvjcn8_p3m_zkjp59>	<Hossein_Fatemi>	<hasGender>	<male>	
<id_imq5du_1s2_1oudnjq>	<Mohammad-Reza_Mahdavi_Kani>	<isAffiliatedTo>	<Combatant_Clergy_Association>	
<id_imq5du_14h_zjx1yu>	<Mohammad-Reza_Mahdavi_Kani>	<isPoliticianOf>	<Iran>	
<id_imq5du_12k_5uo9mw>	<Mohammad-Reza_Mahdavi_Kani>	<livesIn>	<Tehran>	
<id_imq5du_12k_zjx1yu>	<Mohammad-Reza_Mahdavi_Kani>	<livesIn>	<Iran>	
<id_imq5du_oyl_5uo9mw>	<Mohammad-Reza_Mahdavi_Kani>	<wasBornIn>	<Tehran>	
<id_imq5du_ice_1dcostg>	<Mohammad-Reza_Mahdavi_Kani>	<hasWebsite>	<http://www.MahdaviKani.ir/>	
<id_imq5du_p3m_zkjp59>	<Mohammad-Reza_Mahdavi_Kani>	<hasGender>	<male>	
<id_kqy7tr_14h_zjx1yu>	<Karim_Sanjabi>	<isPoliticianOf>	<Iran>	
<id_kqy7tr_10x_1he7pf5>	<Karim_Sanjabi>	<graduatedFrom>	<Pantheon-Sorbonne_University>	
<id_kqy7tr_dhj_biqn35>	<Karim_Sanjabi>	<diedIn>	<Carbondale,_Illinois>	
<id_kqy7tr_oyl_1a0cbi>	<Karim_Sanjabi>	<wasBornIn>	<Kermanshah>	
<id_kqy7tr_p3m_zkjp59>	<Karim_Sanjabi>	<hasGender>	<male>	
<id_kqy7tr_1s2_1cwft1q>	<Karim_Sanjabi>	<isAffiliatedTo>	<National_Front_(Iran)>	
<id_nbs1hl_14h_zjx1yu>	<Alireza_Marandi>	<isPoliticianOf>	<Iran>	
<id_nbs1hl_oyl_qjrks0>	<Alireza_Marandi>	<wasBornIn>	<Isfahan>	
<id_nbs1hl_p3m_zkjp59>	<Alireza_Marandi>	<hasGender>	<male>	
<id_s4mzns_14h_zjx1yu>	<Mohammad-Reza_Hekmat>	<isPoliticianOf>	<Iran>	
<id_s4mzns_p3m_zkjp59>	<Mohammad-Reza_Hekmat>	<hasGender>	<male>	
<id_s4n9ve_14h_zjx1yu>	<Marzieh_Vahid-Dastjerdi>	<isPoliticianOf>	<Iran>	
<id_s4n9ve_oyl_5uo9mw>	<Marzieh_Vahid-Dastjerdi>	<wasBornIn>	<Tehran>	
<id_s4n9ve_p3m_edkbbg>	<Marzieh_Vahid-Dastjerdi>	<hasGender>	<female>	
<id_tyv2ke_1s2_njlemu>	<Ahmad_Tavakkoli>	<isAffiliatedTo>	<Islamic_Coalition_Party>	
<id_tyv2ke_14h_zjx1yu>	<Ahmad_Tavakkoli>	<isPoliticianOf>	<Iran>	
<id_tyv2ke_12k_zjx1yu>	<Ahmad_Tavakkoli>	<livesIn>	<Iran>	
<id_tyv2ke_12k_5uo9mw>	<Ahmad_Tavakkoli>	<livesIn>	<Tehran>	
<id_tyv2ke_10x_86q3je>	<Ahmad_Tavakkoli>	<graduatedFrom>	<University_of_Nottingham>	
<id_tyv2ke_oyl_1pu8v3l>	<Ahmad_Tavakkoli>	<wasBornIn>	<Behshahr>	
<id_tyv2ke_ice_np7pot>	<Ahmad_Tavakkoli>	<hasWebsite>	<http://www.alef.ir/>	
<id_tyv2ke_p3m_zkjp59>	<Ahmad_Tavakkoli>	<hasGender>	<male>	
<id_hhhpjx_16x_3u9yei>	<Akbar_Hashemi_Rafsanjani>	<isMarriedTo>	<Effat_Marashi>	
<id_3u9yei_16x_hhhpjx>	<Effat_Marashi>	<isMarriedTo>	<Akbar_Hashemi_Rafsanjani>	
<id_hhhpjx_tje_zjx1yu>	<Akbar_Hashemi_Rafsanjani>	<isCitizenOf>	<Iran>	
<id_hhhpjx_14h_zjx1yu>	<Akbar_Hashemi_Rafsanjani>	<isPoliticianOf>	<Iran>	
<id_hhhpjx_11e_o01lon>	<Akbar_Hashemi_Rafsanjani>	<hasChild>	<Faezeh_Hashemi>	
<id_hhhpjx_11e_xwavld>	<Akbar_Hashemi_Rafsanjani>	<hasChild>	<Mehdi_Hashemi_Rafsanjani>	
<id_hhhpjx_11e_aru4q9>	<Akbar_Hashemi_Rafsanjani>	<hasChild>	<Yasser_Hashemi_Rafsanjani>	
<id_hhhpjx_1s2_z491o>	<Akbar_Hashemi_Rafsanjani>	<isAffiliatedTo>	<Executives_of_Construction_Party>	
<id_hhhpjx_1gi_1oyeh2y>	<Akbar_Hashemi_Rafsanjani>	<created>	<Islamic_Azad_University>	
<id_hhhpjx_11e_3nhrnu>	<Akbar_Hashemi_Rafsanjani>	<hasChild>	<Mohsen_Hashemi>	
<id_hhhpjx_ice_1pd7tss>	<Akbar_Hashemi_Rafsanjani>	<hasWebsite>	<http://www.rafsanjani.ir/>	
<id_1v66fii_1sv_hhhpjx>	<Hussein-Ali_Montazeri>	<influences>	<Akbar_Hashemi_Rafsanjani>	
<id_hhhpjx_p3m_zkjp59>	<Akbar_Hashemi_Rafsanjani>	<hasGender>	<male>	
<id_hhhpjx_oyl_3429dq>	<Akbar_Hashemi_Rafsanjani>	<wasBornIn>	<Bahreman>	
<id_1mf37i9_14h_zjx1yu>	<Bijan_Namdar_Zangeneh>	<isPoliticianOf>	<Iran>	
<id_1mf37i9_1s2_1q7viqg>	<Bijan_Namdar_Zangeneh>	<isAffiliatedTo>	<Iranian_reform_movement>	
<id_1mf37i9_10x_knw1r3>	<Bijan_Namdar_Zangeneh>	<graduatedFrom>	<University_of_Tehran>	
<id_1mf37i9_1s2_z491o>	<Bijan_Namdar_Zangeneh>	<isAffiliatedTo>	<Executives_of_Construction_Party>	
<id_1mf37i9_1c7_zk05z3>	<Bijan_Namdar_Zangeneh>	<isLeaderOf>	<OPEC>	
<id_1mf37i9_oyl_1a0cbi>	<Bijan_Namdar_Zangeneh>	<wasBornIn>	<Kermanshah>	
<id_1mf37i9_p3m_zkjp59>	<Bijan_Namdar_Zangeneh>	<hasGender>	<male>	
<id_nwa5xs_14h_zjx1yu>	<Tahmasb_Mazaheri>	<isPoliticianOf>	<Iran>	
<id_nwa5xs_oyl_5uo9mw>	<Tahmasb_Mazaheri>	<wasBornIn>	<Tehran>	
<id_nwa5xs_p3m_zkjp59>	<Tahmasb_Mazaheri>	<hasGender>	<male>	
<id_n468ye_14h_zjx1yu>	<Parviz_Kazemi>	<isPoliticianOf>	<Iran>	
<id_n468ye_oyl_5uo9mw>	<Parviz_Kazemi>	<wasBornIn>	<Tehran>	
<id_n468ye_p3m_zkjp59>	<Parviz_Kazemi>	<hasGender>	<male>	
<id_1dsfxrm_10x_1ksqnv1>	<Mehdi_Bazargan>	<graduatedFrom>	<École_Centrale_Paris>	
<id_1dsfxrm_oyl_5uo9mw>	<Mehdi_Bazargan>	<wasBornIn>	<Tehran>	
<id_1dsfxrm_11e_16atgw9>	<Mehdi_Bazargan>	<hasChild>	<Abdolali_Bazargan>	
<id_1dsfxrm_1s2_atzms7>	<Mehdi_Bazargan>	<isAffiliatedTo>	<Freedom_Movement_of_Iran>	
<id_1dsfxrm_14h_zjx1yu>	<Mehdi_Bazargan>	<isPoliticianOf>	<Iran>	
<id_1dsfxrm_tje_zjx1yu>	<Mehdi_Bazargan>	<isCitizenOf>	<Iran>	
<id_1dsfxrm_dhj_b054u6>	<Mehdi_Bazargan>	<diedIn>	<Zürich>	
<id_1dsfxrm_ice_1t3jy72>	<Mehdi_Bazargan>	<hasWebsite>	<http://www.bazargan.info/la_english/english.htm>	
<id_1dsfxrm_p3m_zkjp59>	<Mehdi_Bazargan>	<hasGender>	<male>	
<id_olie5r_14h_zjx1yu>	<Mohammad-Taqi_Bahar>	<isPoliticianOf>	<Iran>	
<id_olie5r_ice_idq7so>	<Mohammad-Taqi_Bahar>	<hasWebsite>	<http://www.bahar-site.fr/>	
<id_olie5r_oyl_5wp97m>	<Mohammad-Taqi_Bahar>	<wasBornIn>	<Mashhad>	
<id_olie5r_dhj_5uo9mw>	<Mohammad-Taqi_Bahar>	<diedIn>	<Tehran>	
<id_olie5r_p3m_zkjp59>	<Mohammad-Taqi_Bahar>	<hasGender>	<male>	
<id_1pv6zyp_14h_zjx1yu>	<Ahmad_Hussein_Adl>	<isPoliticianOf>	<Iran>	
<id_1pv6zyp_p3m_zkjp59>	<Ahmad_Hussein_Adl>	<hasGender>	<male>	
<id_4mbovy_oyl_5uo9mw>	<Abbas_Ali_Khalatbari>	<wasBornIn>	<Tehran>	
<id_4mbovy_14h_zjx1yu>	<Abbas_Ali_Khalatbari>	<isPoliticianOf>	<Iran>	
<id_4mbovy_dhj_5uo9mw>	<Abbas_Ali_Khalatbari>	<diedIn>	<Tehran>	
<id_4mbovy_p3m_zkjp59>	<Abbas_Ali_Khalatbari>	<hasGender>	<male>	
<id_1sn58o_14h_zjx1yu>	<Hossein_Navab>	<isPoliticianOf>	<Iran>	
<id_1sn58o_p3m_zkjp59>	<Hossein_Navab>	<hasGender>	<male>	
<id_ragx6k_14h_zjx1yu>	<Mozaffar_Alam>	<isPoliticianOf>	<Iran>	
<id_ragx6k_p3m_zkjp59>	<Mozaffar_Alam>	<hasGender>	<male>	
<id_1b43ekz_16x_1itzycl>	<Dariush_Forouhar>	<isMarriedTo>	<Parvaneh_Eskandari_Forouhar>	
<id_1itzycl_16x_1b43ekz>	<Parvaneh_Eskandari_Forouhar>	<isMarriedTo>	<Dariush_Forouhar>	
<id_1b43ekz_14h_zjx1yu>	<Dariush_Forouhar>	<isPoliticianOf>	<Iran>	
<id_1b43ekz_tje_zjx1yu>	<Dariush_Forouhar>	<isCitizenOf>	<Iran>	
<id_1b43ekz_1gi_7hrmtp>	<Dariush_Forouhar>	<created>	<Nation_Party_of_Iran>	
<id_1b43ekz_1ul_tx06df>	<Dariush_Forouhar>	<playsFor>	<Kardemir_D._Ç._Karabükspor>	
<id_1b43ekz_dhj_5uo9mw>	<Dariush_Forouhar>	<diedIn>	<Tehran>	
<id_1b43ekz_1ul_pyh8z4>	<Dariush_Forouhar>	<playsFor>	<Zagłębie_Sosnowiec>	
<id_1b43ekz_1s2_7hrmtp>	<Dariush_Forouhar>	<isAffiliatedTo>	<Nation_Party_of_Iran>	
<id_1b43ekz_oyl_qjrks0>	<Dariush_Forouhar>	<wasBornIn>	<Isfahan>	
<id_1b43ekz_1ul_115kmst>	<Dariush_Forouhar>	<playsFor>	<FC_Anzhi_Makhachkala>	
<id_1b43ekz_p3m_zkjp59>	<Dariush_Forouhar>	<hasGender>	<male>	
<id_1b43ekz_1ul_1lm2y0n>	<Dariush_Forouhar>	<playsFor>	<FK_Velež_Mostar>	
<id_1b43ekz_1ul_fy4eap>	<Dariush_Forouhar>	<playsFor>	<İstanbulspor_A.Ş.>	
<id_1b43ekz_1s2_ta7v2j>	<Dariush_Forouhar>	<isAffiliatedTo>	<Pan-Iranist_Party>	
<id_1b43ekz_1ul_15fsv36>	<Dariush_Forouhar>	<playsFor>	<FK_Željezničar_Sarajevo>	
<id_1b43ekz_1ul_yi1l1u>	<Dariush_Forouhar>	<playsFor>	<Dibba_Al-Hisn_Sports_Club>	
<id_1mc5nx5_14h_zjx1yu>	<Shapour_Bakhtiar>	<isPoliticianOf>	<Iran>	
<id_1mc5nx5_dhj_10sbxbf>	<Shapour_Bakhtiar>	<diedIn>	<Paris>	
<id_1mc5nx5_oyl_zjx7zo>	<Shapour_Bakhtiar>	<wasBornIn>	<Izeh>	
<id_1mc5nx5_1s2_1cwft1q>	<Shapour_Bakhtiar>	<isAffiliatedTo>	<National_Front_(Iran)>	
<id_1mc5nx5_p3m_zkjp59>	<Shapour_Bakhtiar>	<hasGender>	<male>	
<id_t45thr_oyl_17yk28p>	<Mohammad_Vali_Khan_Tonekaboni>	<wasBornIn>	<Tonekabon>	
<id_t45thr_14h_zjx1yu>	<Mohammad_Vali_Khan_Tonekaboni>	<isPoliticianOf>	<Iran>	
<id_t45thr_1ul_1umr1p2>	<Mohammad_Vali_Khan_Tonekaboni>	<playsFor>	<Defence_Force_F.C.>	
<id_t45thr_dhj_5uo9mw>	<Mohammad_Vali_Khan_Tonekaboni>	<diedIn>	<Tehran>	
<id_t45thr_p3m_zkjp59>	<Mohammad_Vali_Khan_Tonekaboni>	<hasGender>	<male>	
<id_1kba8jg_ice_17eeh1>	<Mahmoud_Ahmadinejad>	<hasWebsite>	<http://www.ahmadinejad.ir/>	
<id_1kba8jg_14h_zjx1yu>	<Mahmoud_Ahmadinejad>	<isPoliticianOf>	<Iran>	
<id_3s7j94_11e_1kba8jg>	<Mohamed_Morsi>	<hasChild>	<Mahmoud_Ahmadinejad>	
<id_1kba8jg_16x_1eftn88>	<Mahmoud_Ahmadinejad>	<isMarriedTo>	<nl/Azam-Sadat_Farahi>	
<id_1eftn88_16x_1kba8jg>	<nl/Azam-Sadat_Farahi>	<isMarriedTo>	<Mahmoud_Ahmadinejad>	
<id_1kba8jg_oyl_19k6n0q>	<Mahmoud_Ahmadinejad>	<wasBornIn>	<Aradan,_Iran>	
<id_1kba8jg_p3m_zkjp59>	<Mahmoud_Ahmadinejad>	<hasGender>	<male>	
<id_1kba8jg_11e_9yxx4r>	<Mahmoud_Ahmadinejad>	<hasChild>	<Mohammad_Bagher_Ghalibaf>	
<id_p2m5qk_11e_1kba8jg>	<Mohammad_Khatami>	<hasChild>	<Mahmoud_Ahmadinejad>	
<id_1kba8jg_1s2_1mf2lim>	<Mahmoud_Ahmadinejad>	<isAffiliatedTo>	<Alliance_of_Builders_of_Islamic_Iran>	
<id_1ihlotn_14h_zjx1yu>	<Hekmat_E_Shirazi>	<isPoliticianOf>	<Iran>	
<id_1ihlotn_p3m_zkjp59>	<Hekmat_E_Shirazi>	<hasGender>	<male>	
<id_16d5stk_oyl_5uo9mw>	<Abolqasem_Najm>	<wasBornIn>	<Tehran>	
<id_16d5stk_14h_zjx1yu>	<Abolqasem_Najm>	<isPoliticianOf>	<Iran>	
<id_16d5stk_dhj_5uo9mw>	<Abolqasem_Najm>	<diedIn>	<Tehran>	
<id_16d5stk_p3m_zkjp59>	<Abolqasem_Najm>	<hasGender>	<male>	
<id_me00t3_oyl_5uo9mw>	<Ali_Amini>	<wasBornIn>	<Tehran>	
<id_me00t3_14h_zjx1yu>	<Ali_Amini>	<isPoliticianOf>	<Iran>	
<id_me00t3_dhj_10sbxbf>	<Ali_Amini>	<diedIn>	<Paris>	
<id_me00t3_10x_knw1r3>	<Ali_Amini>	<graduatedFrom>	<University_of_Tehran>	
<id_me00t3_p3m_zkjp59>	<Ali_Amini>	<hasGender>	<male>	
<id_1fqzplx_1s2_13wqf5y>	<Mohsen_Sadr>	<isAffiliatedTo>	<Socialist_Party_(Iran)>	
<id_1fqzplx_14h_zjx1yu>	<Mohsen_Sadr>	<isPoliticianOf>	<Iran>	
<id_1fqzplx_dhj_5uo9mw>	<Mohsen_Sadr>	<diedIn>	<Tehran>	
<id_1fqzplx_oyl_zs978g>	<Mohsen_Sadr>	<wasBornIn>	<Mahallat>	
<id_1fqzplx_p3m_zkjp59>	<Mohsen_Sadr>	<hasGender>	<male>	
<id_1ga958v_14h_zjx1yu>	<Mohammad_Saeedikia>	<isPoliticianOf>	<Iran>	
<id_1ga958v_oyl_qjrks0>	<Mohammad_Saeedikia>	<wasBornIn>	<Isfahan>	
<id_1ga958v_p3m_zkjp59>	<Mohammad_Saeedikia>	<hasGender>	<male>	
<id_1buldo9_14h_zjx1yu>	<Gholam_Reza_Azhari>	<isPoliticianOf>	<Iran>	
<id_1buldo9_ab2_1feakaq>	<Gholam_Reza_Azhari>	<hasWonPrize>	<Legion_of_Merit>	
<id_1buldo9_p3m_zkjp59>	<Gholam_Reza_Azhari>	<hasGender>	<male>	
<id_1buldo9_oyl_5fao0n>	<Gholam_Reza_Azhari>	<wasBornIn>	<Shiraz>	
<id_1buldo9_10x_1xl7pxv>	<Gholam_Reza_Azhari>	<graduatedFrom>	<National_War_College>	
<id_19qlbmw_14h_zjx1yu>	<Mohammad_Salimi>	<isPoliticianOf>	<Iran>	
<id_19qlbmw_p3m_zkjp59>	<Mohammad_Salimi>	<hasGender>	<male>	
<id_gh86d8_14h_zjx1yu>	<Manouchehr_Eghbal>	<isPoliticianOf>	<Iran>	
<id_gh86d8_dhj_5uo9mw>	<Manouchehr_Eghbal>	<diedIn>	<Tehran>	
<id_gh86d8_10x_knw1r3>	<Manouchehr_Eghbal>	<graduatedFrom>	<University_of_Tehran>	
<id_gh86d8_oyl_5wp97m>	<Manouchehr_Eghbal>	<wasBornIn>	<Mashhad>	
<id_gh86d8_12k_5wp97m>	<Manouchehr_Eghbal>	<livesIn>	<Mashhad>	
<id_gh86d8_p3m_zkjp59>	<Manouchehr_Eghbal>	<hasGender>	<male>	
<id_pn95lv_14h_zjx1yu>	<Mehdi_Ghazanfari>	<isPoliticianOf>	<Iran>	
<id_pn95lv_oyl_qyse41>	<Mehdi_Ghazanfari>	<wasBornIn>	<Aligudarz>	
<id_umdqv4_14h_zjx1yu>	<Gholam_Hossein_Jahanshahi>	<isPoliticianOf>	<Iran>	
<id_umdqv4_p3m_zkjp59>	<Gholam_Hossein_Jahanshahi>	<hasGender>	<male>	
<id_9okv3a_14h_zjx1yu>	<Zahra_Shojaei>	<isPoliticianOf>	<Iran>	
<id_1vz398y_14h_zjx1yu>	<Alireza_Tahmasbi>	<isPoliticianOf>	<Iran>	
<id_1vz398y_oyl_5fao0n>	<Alireza_Tahmasbi>	<wasBornIn>	<Shiraz>	
<id_1vz398y_p3m_zkjp59>	<Alireza_Tahmasbi>	<hasGender>	<male>	
<id_1vz398y_10x_11k6fo6>	<Alireza_Tahmasbi>	<graduatedFrom>	<Shiraz_University>	
<id_2kxkbl_14h_zjx1yu>	<Ali_Akbar_Mohtashamipur>	<isPoliticianOf>	<Iran>	
<id_2kxkbl_oyl_5uo9mw>	<Ali_Akbar_Mohtashamipur>	<wasBornIn>	<Tehran>	
<id_2kxkbl_p3m_zkjp59>	<Ali_Akbar_Mohtashamipur>	<hasGender>	<male>	
<id_2kxkbl_1s2_wshju5>	<Ali_Akbar_Mohtashamipur>	<isAffiliatedTo>	<Association_of_Combatant_Clerics>	
<id_1645j2l_dhj_5uo9mw>	<Mohammad-Javad_Bahonar>	<diedIn>	<Tehran>	
<id_1645j2l_10x_knw1r3>	<Mohammad-Javad_Bahonar>	<graduatedFrom>	<University_of_Tehran>	
<id_1645j2l_14h_zjx1yu>	<Mohammad-Javad_Bahonar>	<isPoliticianOf>	<Iran>	
<id_1645j2l_oyl_1lfy8y>	<Mohammad-Javad_Bahonar>	<wasBornIn>	<Kerman>	
<id_1645j2l_1s2_1edkg9z>	<Mohammad-Javad_Bahonar>	<isAffiliatedTo>	<Islamic_Republican_Party>	
<id_1o0o82b_11e_1645j2l>	<Mohammad-Ali_Rajai>	<hasChild>	<Mohammad-Javad_Bahonar>	
<id_1645j2l_p3m_zkjp59>	<Mohammad-Javad_Bahonar>	<hasGender>	<male>	
<id_9532jm_dhj_5uo9mw>	<Ahmad_Amir-Ahmadi>	<diedIn>	<Tehran>	
<id_9532jm_14h_zjx1yu>	<Ahmad_Amir-Ahmadi>	<isPoliticianOf>	<Iran>	
<id_9532jm_oyl_5uo9mw>	<Ahmad_Amir-Ahmadi>	<wasBornIn>	<Tehran>	
<id_9532jm_p3m_zkjp59>	<Ahmad_Amir-Ahmadi>	<hasGender>	<male>	
<id_1mx0e73_14h_zjx1yu>	<Abdollah_Nouri>	<isPoliticianOf>	<Iran>	
<id_1mx0e73_p3m_zkjp59>	<Abdollah_Nouri>	<hasGender>	<male>	
<id_1mx0e73_oyl_qjrks0>	<Abdollah_Nouri>	<wasBornIn>	<Isfahan>	
<id_1208dv5_10x_knw1r3>	<Jahangir_Amuzegar>	<graduatedFrom>	<University_of_Tehran>	
<id_1208dv5_14h_zjx1yu>	<Jahangir_Amuzegar>	<isPoliticianOf>	<Iran>	
<id_1208dv5_10x_ah5o0a>	<Jahangir_Amuzegar>	<graduatedFrom>	<California_State_University,_Los_Angeles>	
<id_1208dv5_p3m_zkjp59>	<Jahangir_Amuzegar>	<hasGender>	<male>	
<id_1mlc0a0_14h_zjx1yu>	<Ahmad_Khorram>	<isPoliticianOf>	<Iran>	
<id_1mlc0a0_p3m_zkjp59>	<Ahmad_Khorram>	<hasGender>	<male>	
<id_1mlc0a0_oyl_qjrks0>	<Ahmad_Khorram>	<wasBornIn>	<Isfahan>	
<id_1v10hhk_14h_zjx1yu>	<Esmail_Shooshtari>	<isPoliticianOf>	<Iran>	
<id_1v10hhk_p3m_zkjp59>	<Esmail_Shooshtari>	<hasGender>	<male>	
<id_1v10hhk_oyl_199zb7g>	<Esmail_Shooshtari>	<wasBornIn>	<Nishapur>	
<id_l606st_14h_zjx1yu>	<Shamseddin_Hosseini>	<isPoliticianOf>	<Iran>	
<id_l606st_oyl_17yk28p>	<Shamseddin_Hosseini>	<wasBornIn>	<Tonekabon>	
<id_l606st_p3m_zkjp59>	<Shamseddin_Hosseini>	<hasGender>	<male>	
<id_elybiw_10x_knw1r3>	<Habibollah_Bitaraf>	<graduatedFrom>	<University_of_Tehran>	
<id_elybiw_14h_zjx1yu>	<Habibollah_Bitaraf>	<isPoliticianOf>	<Iran>	
<id_elybiw_p3m_zkjp59>	<Habibollah_Bitaraf>	<hasGender>	<male>	
<id_16cuvht_1s2_15qkxb0>	<Sadegh_Mahsouli>	<isAffiliatedTo>	<Front_of_Islamic_Revolution_Stability>	
<id_16cuvht_tje_zjx1yu>	<Sadegh_Mahsouli>	<isCitizenOf>	<Iran>	
<id_16cuvht_14h_zjx1yu>	<Sadegh_Mahsouli>	<isPoliticianOf>	<Iran>	
<id_16cuvht_12k_5uo9mw>	<Sadegh_Mahsouli>	<livesIn>	<Tehran>	
<id_16cuvht_p3m_zkjp59>	<Sadegh_Mahsouli>	<hasGender>	<male>	
<id_16cuvht_oyl_10vdnc8>	<Sadegh_Mahsouli>	<wasBornIn>	<Urmia>	
<id_1jx6e1j_14h_zjx1yu>	<Cabinet_of_Iran>	<isPoliticianOf>	<Iran>	
<id_1jx6e1j_p3m_zkjp59>	<Cabinet_of_Iran>	<hasGender>	<male>	
<id_1p5zh0p_14h_zjx1yu>	<Kazem_Vaziri_Hamaneh>	<isPoliticianOf>	<Iran>	
<id_1p5zh0p_p3m_zkjp59>	<Kazem_Vaziri_Hamaneh>	<hasGender>	<male>	
<id_1p5zh0p_oyl_zk6xqq>	<Kazem_Vaziri_Hamaneh>	<wasBornIn>	<Yazd>	
<id_1ggrjjs_14h_zjx1yu>	<Kamal_Habibollahi>	<isPoliticianOf>	<Iran>	
<id_1ggrjjs_p3m_zkjp59>	<Kamal_Habibollahi>	<hasGender>	<male>	
<id_ne2ar_1s2_yol6ui>	<Mohammad-Reza_Bahonar>	<isAffiliatedTo>	<Islamic_Society_of_Engineers>	
<id_ne2ar_10x_knw1r3>	<Mohammad-Reza_Bahonar>	<graduatedFrom>	<University_of_Tehran>	
<id_ne2ar_oyl_1lfy8y>	<Mohammad-Reza_Bahonar>	<wasBornIn>	<Kerman>	
<id_ne2ar_14h_zjx1yu>	<Mohammad-Reza_Bahonar>	<isPoliticianOf>	<Iran>	
<id_ne2ar_p3m_zkjp59>	<Mohammad-Reza_Bahonar>	<hasGender>	<male>	
<id_ne2ar_1c7_yol6ui>	<Mohammad-Reza_Bahonar>	<isLeaderOf>	<Islamic_Society_of_Engineers>	
<id_wzc3f6_14h_zjx1yu>	<Mirza_Hosein_Khan_Moshir_od-Dowleh>	<isPoliticianOf>	<Iran>	
<id_wzc3f6_p3m_zkjp59>	<Mirza_Hosein_Khan_Moshir_od-Dowleh>	<hasGender>	<male>	
<id_hje39r_10x_knw1r3>	<Jamal_Karimi-Rad>	<graduatedFrom>	<University_of_Tehran>	
<id_hje39r_14h_zjx1yu>	<Jamal_Karimi-Rad>	<isPoliticianOf>	<Iran>	
<id_hje39r_oyl_4dnt01>	<Jamal_Karimi-Rad>	<wasBornIn>	<Qazvin>	
<id_hje39r_dhj_hfyaf>	<Jamal_Karimi-Rad>	<diedIn>	<Salafchegan>	
<id_hje39r_p3m_zkjp59>	<Jamal_Karimi-Rad>	<hasGender>	<male>	
<id_j6oh03_10x_ozmjfg>	<Hassan_Rouhani>	<graduatedFrom>	<Glasgow_Caledonian_University>	
<id_j6oh03_10x_knw1r3>	<Hassan_Rouhani>	<graduatedFrom>	<University_of_Tehran>	
<id_j6oh03_1c7_zjx1yu>	<Hassan_Rouhani>	<isLeaderOf>	<Iran>	
<id_j6oh03_10x_qs91q9>	<Hassan_Rouhani>	<graduatedFrom>	<University_of_Glasgow>	
<id_j6oh03_1s2_1oudnjq>	<Hassan_Rouhani>	<isAffiliatedTo>	<Combatant_Clergy_Association>	
<id_j6oh03_14h_zjx1yu>	<Hassan_Rouhani>	<isPoliticianOf>	<Iran>	
<id_j6oh03_1s2_1edkg9z>	<Hassan_Rouhani>	<isAffiliatedTo>	<Islamic_Republican_Party>	
<id_j6oh03_10x_18jvp3p>	<Hassan_Rouhani>	<graduatedFrom>	<Qom_Hawza>	
<id_j6oh03_1c7_bqvclm>	<Hassan_Rouhani>	<isLeaderOf>	<Non-Aligned_Movement>	
<id_j6oh03_p3m_zkjp59>	<Hassan_Rouhani>	<hasGender>	<male>	
<id_j6oh03_oyl_tk3qk6>	<Hassan_Rouhani>	<wasBornIn>	<Sorkheh>	
<id_11670mh_1s2_1oudnjq>	<Mostafa_Pourmohammadi>	<isAffiliatedTo>	<Combatant_Clergy_Association>	
<id_11670mh_14h_zjx1yu>	<Mostafa_Pourmohammadi>	<isPoliticianOf>	<Iran>	
<id_11670mh_p3m_zkjp59>	<Mostafa_Pourmohammadi>	<hasGender>	<male>	
<id_11670mh_oyl_zilrsf>	<Mostafa_Pourmohammadi>	<wasBornIn>	<Qom>	
<id_11670mh_1s2_1jvigea>	<Mostafa_Pourmohammadi>	<isAffiliatedTo>	<Independent_(politician)>	
<id_11670mh_1s2_1q1xenm>	<Mostafa_Pourmohammadi>	<isAffiliatedTo>	<Hojjatieh>	
<id_1i8mwpv_14h_zjx1yu>	<Hossein_Kamali>	<isPoliticianOf>	<Iran>	
<id_1i8mwpv_p3m_zkjp59>	<Hossein_Kamali>	<hasGender>	<male>	
<id_1mylome_dhj_5uo9mw>	<Abdullah_Entezam>	<diedIn>	<Tehran>	
<id_1mylome_14h_zjx1yu>	<Abdullah_Entezam>	<isPoliticianOf>	<Iran>	
<id_1mylome_p3m_zkjp59>	<Abdullah_Entezam>	<hasGender>	<male>	
<id_13wdbet_10x_knw1r3>	<Kamal_Kharazi>	<graduatedFrom>	<University_of_Tehran>	
<id_13wdbet_14h_zjx1yu>	<Kamal_Kharazi>	<isPoliticianOf>	<Iran>	
<id_13wdbet_1s2_1q7viqg>	<Kamal_Kharazi>	<isAffiliatedTo>	<Iranian_reform_movement>	
<id_13wdbet_oyl_5uo9mw>	<Kamal_Kharazi>	<wasBornIn>	<Tehran>	
<id_13wdbet_p3m_zkjp59>	<Kamal_Kharazi>	<hasGender>	<male>	
<id_13wdbet_10x_176scmv>	<Kamal_Kharazi>	<graduatedFrom>	<University_of_Houston>	
<id_qsjqvo_dhj_5uo9mw>	<Mohammad_Reza_Ameli_Tehrani>	<diedIn>	<Tehran>	
<id_qsjqvo_14h_zjx1yu>	<Mohammad_Reza_Ameli_Tehrani>	<isPoliticianOf>	<Iran>	
<id_qsjqvo_oyl_5uo9mw>	<Mohammad_Reza_Ameli_Tehrani>	<wasBornIn>	<Tehran>	
<id_qsjqvo_1s2_ta7v2j>	<Mohammad_Reza_Ameli_Tehrani>	<isAffiliatedTo>	<Pan-Iranist_Party>	
<id_qsjqvo_p3m_zkjp59>	<Mohammad_Reza_Ameli_Tehrani>	<hasGender>	<male>	
<id_nv53ke_14h_zjx1yu>	<Ahmad_Mirfendereski>	<isPoliticianOf>	<Iran>	
<id_nv53ke_p3m_zkjp59>	<Ahmad_Mirfendereski>	<hasGender>	<male>	
<id_sg928p_14h_zjx1yu>	<Ali_Akbar_Moinfar>	<isPoliticianOf>	<Iran>	
<id_sg928p_p3m_zkjp59>	<Ali_Akbar_Moinfar>	<hasGender>	<male>	
<id_6q8f8d_14h_zjx1yu>	<Ali_Shamkhani>	<isPoliticianOf>	<Iran>	
<id_6q8f8d_p3m_zkjp59>	<Ali_Shamkhani>	<hasGender>	<male>	
<id_6q8f8d_10x_1djzh20>	<Ali_Shamkhani>	<graduatedFrom>	<Shahid_Chamran_University_of_Ahvaz>	
<id_6q8f8d_ab2_1jktw5b>	<Ali_Shamkhani>	<hasWonPrize>	<Order_of_Abdulaziz_Al_Saud>	
<id_6q8f8d_oyl_10k7k3s>	<Ali_Shamkhani>	<wasBornIn>	<Ahvaz>	
<id_1uk8gyv_14h_zjx1yu>	<Ahmad_Vahidi>	<isPoliticianOf>	<Iran>	
<id_1uk8gyv_oyl_5fao0n>	<Ahmad_Vahidi>	<wasBornIn>	<Shiraz>	
<id_1uk8gyv_p3m_zkjp59>	<Ahmad_Vahidi>	<hasGender>	<male>	
<id_1kqm074_10x_knw1r3>	<Masoud_Pezeshkian>	<graduatedFrom>	<University_of_Tehran>	
<id_1kqm074_14h_zjx1yu>	<Masoud_Pezeshkian>	<isPoliticianOf>	<Iran>	
<id_1kqm074_p3m_zkjp59>	<Masoud_Pezeshkian>	<hasGender>	<male>	
<id_1kqm074_oyl_5sd9ji>	<Masoud_Pezeshkian>	<wasBornIn>	<Tabriz>	
<id_97imug_10x_knw1r3>	<Mostafa_Chamran>	<graduatedFrom>	<University_of_Tehran>	
<id_97imug_oyl_5uo9mw>	<Mostafa_Chamran>	<wasBornIn>	<Tehran>	
<id_97imug_14h_zjx1yu>	<Mostafa_Chamran>	<isPoliticianOf>	<Iran>	
<id_97imug_10x_1oteokr>	<Mostafa_Chamran>	<graduatedFrom>	<Texas_A&M_University>	
<id_97imug_p3m_zkjp59>	<Mostafa_Chamran>	<hasGender>	<male>	
<id_97imug_10x_xvmift>	<Mostafa_Chamran>	<graduatedFrom>	<University_of_California,_Berkeley>	
<id_7flg1q_10x_1vpnd03>	<Manouchehr_Ganji>	<graduatedFrom>	<University_of_Kentucky>	
<id_7flg1q_oyl_5uo9mw>	<Manouchehr_Ganji>	<wasBornIn>	<Tehran>	
<id_7flg1q_14h_zjx1yu>	<Manouchehr_Ganji>	<isPoliticianOf>	<Iran>	
<id_7flg1q_10x_1wrdn5t>	<Manouchehr_Ganji>	<graduatedFrom>	<University_of_Cambridge>	
<id_7flg1q_p3m_zkjp59>	<Manouchehr_Ganji>	<hasGender>	<male>	
<id_1nber0t_1c7_5uo9mw>	<Ahmad_Masjed-Jamei>	<isLeaderOf>	<Tehran>	
<id_1nber0t_oyl_5uo9mw>	<Ahmad_Masjed-Jamei>	<wasBornIn>	<Tehran>	
<id_1nber0t_14h_zjx1yu>	<Ahmad_Masjed-Jamei>	<isPoliticianOf>	<Iran>	
<id_1nber0t_p3m_zkjp59>	<Ahmad_Masjed-Jamei>	<hasGender>	<male>	
<id_1nber0t_1s2_hi8wuw>	<Ahmad_Masjed-Jamei>	<isAffiliatedTo>	<National_Trust_Party_(Iran)>	
<id_245fqz_14h_zjx1yu>	<Amir_Khosrow_Afshar>	<isPoliticianOf>	<Iran>	
<id_245fqz_p3m_zkjp59>	<Amir_Khosrow_Afshar>	<hasGender>	<male>	
<id_r9r4p5_oyl_5uo9mw>	<Hasan_Arsanjani>	<wasBornIn>	<Tehran>	
<id_r9r4p5_14h_zjx1yu>	<Hasan_Arsanjani>	<isPoliticianOf>	<Iran>	
<id_r9r4p5_p3m_zkjp59>	<Hasan_Arsanjani>	<hasGender>	<male>	
<id_1v1b1z2_14h_zjx1yu>	<Majid_Namjoo>	<isPoliticianOf>	<Iran>	
<id_1v1b1z2_oyl_1lfy8y>	<Majid_Namjoo>	<wasBornIn>	<Kerman>	
<id_1v1b1z2_p3m_zkjp59>	<Majid_Namjoo>	<hasGender>	<male>	
<id_1qo630p_14h_zjx1yu>	<Abbas_Aram>	<isPoliticianOf>	<Iran>	
<id_1qo630p_p3m_zkjp59>	<Abbas_Aram>	<hasGender>	<male>	
<id_1mn8me7_14h_zjx1yu>	<Isa_Kalantari>	<isPoliticianOf>	<Iran>	
<id_1mn8me7_p3m_zkjp59>	<Isa_Kalantari>	<hasGender>	<male>	
<id_l1gzd6_10x_7crr3u>	<Mohammad_Javad_Zarif>	<graduatedFrom>	<San_Francisco_State_University>	
<id_l1gzd6_oyl_5uo9mw>	<Mohammad_Javad_Zarif>	<wasBornIn>	<Tehran>	
<id_l1gzd6_14h_zjx1yu>	<Mohammad_Javad_Zarif>	<isPoliticianOf>	<Iran>	
<id_l1gzd6_1s2_1jvigea>	<Mohammad_Javad_Zarif>	<isAffiliatedTo>	<Independent_(politician)>	
<id_l1gzd6_p3m_zkjp59>	<Mohammad_Javad_Zarif>	<hasGender>	<male>	
<id_l1gzd6_10x_d3a0fh>	<Mohammad_Javad_Zarif>	<graduatedFrom>	<University_of_Denver>	
<id_1worirk_14h_zjx1yu>	<Mohammad_Ardakani>	<isPoliticianOf>	<Iran>	
<id_1worirk_p3m_zkjp59>	<Mohammad_Ardakani>	<hasGender>	<male>	
<id_1worirk_1c7_yol6ui>	<Mohammad_Ardakani>	<isLeaderOf>	<Islamic_Society_of_Engineers>	
<id_17jul4z_dhj_5uo9mw>	<Ahmad_Sayyed_Javadi>	<diedIn>	<Tehran>	
<id_17jul4z_oyl_4dnt01>	<Ahmad_Sayyed_Javadi>	<wasBornIn>	<Qazvin>	
<id_17jul4z_1s2_atzms7>	<Ahmad_Sayyed_Javadi>	<isAffiliatedTo>	<Freedom_Movement_of_Iran>	
<id_17jul4z_14h_zjx1yu>	<Ahmad_Sayyed_Javadi>	<isPoliticianOf>	<Iran>	
<id_17jul4z_p3m_zkjp59>	<Ahmad_Sayyed_Javadi>	<hasGender>	<male>	
<id_1o7vwmc_14h_zjx1yu>	<Hasan_Arfa>	<isPoliticianOf>	<Iran>	
<id_1o7vwmc_p3m_zkjp59>	<Hasan_Arfa>	<hasGender>	<male>	
<id_1b6y1zc_dhj_5uo9mw>	<Morteza_Gholi_Khan_Hedayat>	<diedIn>	<Tehran>	
<id_1b6y1zc_oyl_5uo9mw>	<Morteza_Gholi_Khan_Hedayat>	<wasBornIn>	<Tehran>	
<id_1b6y1zc_14h_zjx1yu>	<Morteza_Gholi_Khan_Hedayat>	<isPoliticianOf>	<Iran>	
<id_1b6y1zc_p3m_zkjp59>	<Morteza_Gholi_Khan_Hedayat>	<hasGender>	<male>	
<id_bq6go2_14h_zjx1yu>	<Reza_Sheykholeslam>	<isPoliticianOf>	<Iran>	
<id_bq6go2_p3m_zkjp59>	<Reza_Sheykholeslam>	<hasGender>	<male>	
<id_bq6go2_oyl_1bex8fr>	<Reza_Sheykholeslam>	<wasBornIn>	<Chalus,_Iran>	
<id_1czwzz0_14h_zjx1yu>	<Ali_Akbar_Mehrabian>	<isPoliticianOf>	<Iran>	
<id_1czwzz0_p3m_zkjp59>	<Ali_Akbar_Mehrabian>	<hasGender>	<male>	
<id_2al0pd_14h_zjx1yu>	<fr/Mehdi_Gholi_Hedayat>	<isPoliticianOf>	<Iran>	
<id_1h8zcle_1s2_z491o>	<Eshaq_Jahangiri>	<isAffiliatedTo>	<Executives_of_Construction_Party>	
<id_1h8zcle_1c7_zjx1yu>	<Eshaq_Jahangiri>	<isLeaderOf>	<Iran>	
<id_1h8zcle_10x_1vgp1mn>	<Eshaq_Jahangiri>	<graduatedFrom>	<Sharif_University_of_Technology>	
<id_1h8zcle_ice_19wr8bh>	<Eshaq_Jahangiri>	<hasWebsite>	<http://president.ir/fa/vicepresident>	
<id_1h8zcle_oyl_5g01jv>	<Eshaq_Jahangiri>	<wasBornIn>	<Sirjan>	
<id_1h8zcle_14h_zjx1yu>	<Eshaq_Jahangiri>	<isPoliticianOf>	<Iran>	
<id_1h8zcle_12k_15b5hve>	<Eshaq_Jahangiri>	<livesIn>	<Tehranpars>	
<id_1h8zcle_p3m_zkjp59>	<Eshaq_Jahangiri>	<hasGender>	<male>	
<id_1h8zcle_10x_ur6rwn>	<Eshaq_Jahangiri>	<graduatedFrom>	<Shahid_Bahonar_University_of_Kerman>	
<id_1h8zcle_12k_upimzc>	<Eshaq_Jahangiri>	<livesIn>	<Sa'dabad_Palace>	
<id_1qkj4b7_14h_zjx1yu>	<Ali-Akbar_Zargham>	<isPoliticianOf>	<Iran>	
<id_1qkj4b7_p3m_zkjp59>	<Ali-Akbar_Zargham>	<hasGender>	<male>	
<id_1cjrsbj_10x_g1ofgc>	<Kamran_Bagheri_Lankarani>	<graduatedFrom>	<Shiraz_University_of_Medical_Sciences>	
<id_1cjrsbj_oyl_5uo9mw>	<Kamran_Bagheri_Lankarani>	<wasBornIn>	<Tehran>	
<id_1cjrsbj_14h_zjx1yu>	<Kamran_Bagheri_Lankarani>	<isPoliticianOf>	<Iran>	
<id_1cjrsbj_p3m_zkjp59>	<Kamran_Bagheri_Lankarani>	<hasGender>	<male>	
<id_1usdz75_oyl_zjy4vb>	<Gholam_Reza_Aghazadeh>	<wasBornIn>	<Khoy>	
<id_1usdz75_10x_knw1r3>	<Gholam_Reza_Aghazadeh>	<graduatedFrom>	<University_of_Tehran>	
<id_1usdz75_tje_zjx1yu>	<Gholam_Reza_Aghazadeh>	<isCitizenOf>	<Iran>	
<id_1usdz75_14h_zjx1yu>	<Gholam_Reza_Aghazadeh>	<isPoliticianOf>	<Iran>	
<id_1usdz75_p3m_zkjp59>	<Gholam_Reza_Aghazadeh>	<hasGender>	<male>	
<id_1pespgi_14h_zjx1yu>	<Mohammad_Soleimani>	<isPoliticianOf>	<Iran>	
<id_1pespgi_p3m_zkjp59>	<Mohammad_Soleimani>	<hasGender>	<male>	
<id_1pespgi_oyl_1mv5tj>	<Mohammad_Soleimani>	<wasBornIn>	<Khesht>	
<id_76q3bd_14h_zjx1yu>	<Mohammad_Jahromi>	<isPoliticianOf>	<Iran>	
<id_76q3bd_p3m_zkjp59>	<Mohammad_Jahromi>	<hasGender>	<male>	
<id_4tqtuo_1s2_z491o>	<Hassan_Habibi>	<isAffiliatedTo>	<Executives_of_Construction_Party>	
<id_4tqtuo_1s2_atzms7>	<Hassan_Habibi>	<isAffiliatedTo>	<Freedom_Movement_of_Iran>	
<id_4tqtuo_oyl_5uo9mw>	<Hassan_Habibi>	<wasBornIn>	<Tehran>	
<id_4tqtuo_14h_zjx1yu>	<Hassan_Habibi>	<isPoliticianOf>	<Iran>	
<id_4tqtuo_1s2_1edkg9z>	<Hassan_Habibi>	<isAffiliatedTo>	<Islamic_Republican_Party>	
<id_4tqtuo_p3m_zkjp59>	<Hassan_Habibi>	<hasGender>	<male>	
<id_1wicis0_10x_knw1r3>	<Mohammad_Reza_Rahimi>	<graduatedFrom>	<University_of_Tehran>	
<id_1wicis0_oyl_1v1uede>	<Mohammad_Reza_Rahimi>	<wasBornIn>	<Serishabad>	
<id_1wicis0_14h_zjx1yu>	<Mohammad_Reza_Rahimi>	<isPoliticianOf>	<Iran>	
<id_1wicis0_10x_1oyeh2y>	<Mohammad_Reza_Rahimi>	<graduatedFrom>	<Islamic_Azad_University>	
<id_1wicis0_p3m_zkjp59>	<Mohammad_Reza_Rahimi>	<hasGender>	<male>	
<id_1wicis0_1s2_1imzce9>	<Mohammad_Reza_Rahimi>	<isAffiliatedTo>	<Society_of_Devotees_of_the_Islamic_Revolution>	
<id_1wicis0_10x_il2p97>	<Mohammad_Reza_Rahimi>	<graduatedFrom>	<University_of_Oxford>	
<id_1jabkti_dhj_5uo9mw>	<Parviz_Varjavand>	<diedIn>	<Tehran>	
<id_1jabkti_10x_knw1r3>	<Parviz_Varjavand>	<graduatedFrom>	<University_of_Tehran>	
<id_1jabkti_12k_1l1xgq0>	<Parviz_Varjavand>	<livesIn>	<Behesht-e_Zahra>	
<id_1jabkti_oyl_5uo9mw>	<Parviz_Varjavand>	<wasBornIn>	<Tehran>	
<id_1jabkti_14h_zjx1yu>	<Parviz_Varjavand>	<isPoliticianOf>	<Iran>	
<id_1jabkti_1s2_1cwft1q>	<Parviz_Varjavand>	<isAffiliatedTo>	<National_Front_(Iran)>	
<id_1jabkti_p3m_zkjp59>	<Parviz_Varjavand>	<hasGender>	<male>	
<id_1jabkti_10x_pt3e5w>	<Parviz_Varjavand>	<graduatedFrom>	<University_of_Paris>	
<id_zqudn4_14h_zjx1yu>	<Abdol_Majid_Mirza>	<isPoliticianOf>	<Iran>	
<id_8hk6tt_14h_zjx1yu>	<Abbas_Ahmad_Akhoundi>	<isPoliticianOf>	<Iran>	
<id_8hk6tt_p3m_zkjp59>	<Abbas_Ahmad_Akhoundi>	<hasGender>	<male>	
<id_136g120_1s2_1exw152>	<Ardeshir_Zahedi>	<isAffiliatedTo>	<Rastakhiz_Party>	
<id_136g120_oyl_5uo9mw>	<Ardeshir_Zahedi>	<wasBornIn>	<Tehran>	
<id_136g120_10x_1b7pkj9>	<Ardeshir_Zahedi>	<graduatedFrom>	<Utah_State_University>	
<id_136g120_14h_zjx1yu>	<Ardeshir_Zahedi>	<isPoliticianOf>	<Iran>	
<id_136g120_16x_1nkrhm3>	<Ardeshir_Zahedi>	<isMarriedTo>	<Shahnaz_Pahlavi>	
<id_1nkrhm3_16x_136g120>	<Shahnaz_Pahlavi>	<isMarriedTo>	<Ardeshir_Zahedi>	
<id_136g120_12k_8kybnn>	<Ardeshir_Zahedi>	<livesIn>	<Switzerland>	
<id_136g120_p3m_zkjp59>	<Ardeshir_Zahedi>	<hasGender>	<male>	
<id_136g120_12k_vbaja6>	<Ardeshir_Zahedi>	<livesIn>	<Montreux>	
<id_1rzlbgo_1s2_yol6ui>	<Manouchehr_Mottaki>	<isAffiliatedTo>	<Islamic_Society_of_Engineers>	
<id_1rzlbgo_14h_zjx1yu>	<Manouchehr_Mottaki>	<isPoliticianOf>	<Iran>	
<id_1rzlbgo_p3m_zkjp59>	<Manouchehr_Mottaki>	<hasGender>	<male>	
<id_1rzlbgo_oyl_1p1dpb>	<Manouchehr_Mottaki>	<wasBornIn>	<Bandar-e_Gaz>	
<id_3h9vwh_dhj_5uo9mw>	<Mirza_Nasrullah_Khan>	<diedIn>	<Tehran>	
<id_3h9vwh_14h_zjx1yu>	<Mirza_Nasrullah_Khan>	<isPoliticianOf>	<Iran>	
<id_3h9vwh_p3m_zkjp59>	<Mirza_Nasrullah_Khan>	<hasGender>	<male>	
<id_zf2pmu_oyl_5uo9mw>	<Masoud_Mir_Kazemi>	<wasBornIn>	<Tehran>	
<id_zf2pmu_14h_zjx1yu>	<Masoud_Mir_Kazemi>	<isPoliticianOf>	<Iran>	
<id_zf2pmu_p3m_zkjp59>	<Masoud_Mir_Kazemi>	<hasGender>	<male>	
<id_mofrwn_14h_zjx1yu>	<Reza_Malekzadeh>	<isPoliticianOf>	<Iran>	
<id_mofrwn_p3m_zkjp59>	<Reza_Malekzadeh>	<hasGender>	<male>	
<id_1ik5xgi_1s2_z491o>	<Ata'ollah_Mohajerani>	<isAffiliatedTo>	<Executives_of_Construction_Party>	
<id_1ik5xgi_ice_1dr79tq>	<Ata'ollah_Mohajerani>	<hasWebsite>	<http://mohajerani.maktuob.net>	
<id_1ik5xgi_16x_1sjezrd>	<Ata'ollah_Mohajerani>	<isMarriedTo>	<Jamileh_Kadivar>	
<id_1sjezrd_16x_1ik5xgi>	<Jamileh_Kadivar>	<isMarriedTo>	<Ata'ollah_Mohajerani>	
<id_1ik5xgi_14h_zjx1yu>	<Ata'ollah_Mohajerani>	<isPoliticianOf>	<Iran>	
<id_1ik5xgi_p3m_zkjp59>	<Ata'ollah_Mohajerani>	<hasGender>	<male>	
<id_1ik5xgi_10x_ekto6k>	<Ata'ollah_Mohajerani>	<graduatedFrom>	<Tarbiat_Modares_University>	
<id_1ik5xgi_10x_1nisgjd>	<Ata'ollah_Mohajerani>	<graduatedFrom>	<University_of_Isfahan>	
<id_1ik5xgi_oyl_nw8bc4>	<Ata'ollah_Mohajerani>	<wasBornIn>	<Arak,_Iran>	
<id_1ik5xgi_10x_11k6fo6>	<Ata'ollah_Mohajerani>	<graduatedFrom>	<Shiraz_University>	
<id_1njpjr8_dhj_5uo9mw>	<Ali_Kordan>	<diedIn>	<Tehran>	
<id_1njpjr8_14h_zjx1yu>	<Ali_Kordan>	<isPoliticianOf>	<Iran>	
<id_1njpjr8_p3m_zkjp59>	<Ali_Kordan>	<hasGender>	<male>	
<id_cxdwxw_14h_zjx1yu>	<de/Ebrahim_Alam>	<isPoliticianOf>	<Iran>	
<id_3gcp0c_14h_zjx1yu>	<Mahmoud_Jam>	<isPoliticianOf>	<Iran>	
<id_10o4x6e_p3m_zkjp59>	<Esfandiar_Rahim_Mashaei>	<hasGender>	<male>	
<id_10o4x6e_14h_zjx1yu>	<Esfandiar_Rahim_Mashaei>	<isPoliticianOf>	<Iran>	
<id_ygr2gh_p3m_edkbbg>	<Farrokhroo_Parsa>	<hasGender>	<female>	
<id_ygr2gh_oyl_zilrsf>	<Farrokhroo_Parsa>	<wasBornIn>	<Qom>	
<id_ygr2gh_14h_zjx1yu>	<Farrokhroo_Parsa>	<isPoliticianOf>	<Iran>	
<id_ygr2gh_1s2_1exw152>	<Farrokhroo_Parsa>	<isAffiliatedTo>	<Rastakhiz_Party>	
<id_ygr2gh_10x_knw1r3>	<Farrokhroo_Parsa>	<graduatedFrom>	<University_of_Tehran>	
<id_ygr2gh_dhj_5uo9mw>	<Farrokhroo_Parsa>	<diedIn>	<Tehran>	
<id_r360jy_oyl_nw8bc4>	<Morteza-Qoli_Bayat>	<wasBornIn>	<Arak,_Iran>	
<id_r360jy_p3m_zkjp59>	<Morteza-Qoli_Bayat>	<hasGender>	<male>	
<id_r360jy_14h_zjx1yu>	<Morteza-Qoli_Bayat>	<isPoliticianOf>	<Iran>	
<id_r360jy_dhj_5uo9mw>	<Morteza-Qoli_Bayat>	<diedIn>	<Tehran>	
<id_bvr125_p3m_zkjp59>	<Mohammad-Ali_Najafi>	<hasGender>	<male>	
<id_bvr125_14h_zjx1yu>	<Mohammad-Ali_Najafi>	<isPoliticianOf>	<Iran>	
<id_bvr125_oyl_5uo9mw>	<Mohammad-Ali_Najafi>	<wasBornIn>	<Tehran>	
<id_bvr125_1s2_1q7viqg>	<Mohammad-Ali_Najafi>	<isAffiliatedTo>	<Iranian_reform_movement>	
<id_bvr125_10x_1vgp1mn>	<Mohammad-Ali_Najafi>	<graduatedFrom>	<Sharif_University_of_Technology>	
<id_bvr125_10x_1e064nd>	<Mohammad-Ali_Najafi>	<graduatedFrom>	<Massachusetts_Institute_of_Technology>	
<id_bvr125_1s2_z491o>	<Mohammad-Ali_Najafi>	<isAffiliatedTo>	<Executives_of_Construction_Party>	
<id_1h4969d_dhj_1w9yj38>	<Iraj_Eskandari>	<diedIn>	<East_Berlin>	
<id_1h4969d_p3m_zkjp59>	<Iraj_Eskandari>	<hasGender>	<male>	
<id_1h4969d_14h_zjx1yu>	<Iraj_Eskandari>	<isPoliticianOf>	<Iran>	
<id_1h4969d_oyl_5uo9mw>	<Iraj_Eskandari>	<wasBornIn>	<Tehran>	
<id_1qar5s2_p3m_zkjp59>	<Ahmad_Madani>	<hasGender>	<male>	
<id_1qar5s2_1s2_1cwft1q>	<Ahmad_Madani>	<isAffiliatedTo>	<National_Front_(Iran)>	
<id_1qar5s2_14h_zjx1yu>	<Ahmad_Madani>	<isPoliticianOf>	<Iran>	
<id_1qar5s2_oyl_1lfy8y>	<Ahmad_Madani>	<wasBornIn>	<Kerman>	
<id_1qar5s2_dhj_1xb6aae>	<Ahmad_Madani>	<diedIn>	<Denver>	
<id_19ennws_p3m_zkjp59>	<Ali_Soheili>	<hasGender>	<male>	
<id_19ennws_dhj_27wsag>	<Ali_Soheili>	<diedIn>	<London>	
<id_19ennws_oyl_5sd9ji>	<Ali_Soheili>	<wasBornIn>	<Tabriz>	
<id_19ennws_14h_zjx1yu>	<Ali_Soheili>	<isPoliticianOf>	<Iran>	
<id_19ennws_10x_knw1r3>	<Ali_Soheili>	<graduatedFrom>	<University_of_Tehran>	
<id_n3asuw_p3m_zkjp59>	<Mehdi_Qoli_Hedayat>	<hasGender>	<male>	
<id_n3asuw_14h_zjx1yu>	<Mehdi_Qoli_Hedayat>	<isPoliticianOf>	<Iran>	
<id_n3asuw_oyl_5uo9mw>	<Mehdi_Qoli_Hedayat>	<wasBornIn>	<Tehran>	
<id_n3asuw_dhj_5uo9mw>	<Mehdi_Qoli_Hedayat>	<diedIn>	<Tehran>	
<id_15wlbq5_p3m_zkjp59>	<Vosough_od-Dowleh>	<hasGender>	<male>	
<id_15wlbq5_1s2_lfh8x6>	<Vosough_od-Dowleh>	<isAffiliatedTo>	<Constitutionalist_Party_of_Iran>	
<id_15wlbq5_14h_zjx1yu>	<Vosough_od-Dowleh>	<isPoliticianOf>	<Iran>	
<id_15wlbq5_oyl_5uo9mw>	<Vosough_od-Dowleh>	<wasBornIn>	<Tehran>	
<id_15wlbq5_dhj_5uo9mw>	<Vosough_od-Dowleh>	<diedIn>	<Tehran>	
<id_1rxraz0_oyl_10tfj80>	<Fathollah_Khan_Akbar>	<wasBornIn>	<Rasht>	
<id_1rxraz0_p3m_zkjp59>	<Fathollah_Khan_Akbar>	<hasGender>	<male>	
<id_1rxraz0_14h_zjx1yu>	<Fathollah_Khan_Akbar>	<isPoliticianOf>	<Iran>	
<id_1rxraz0_dhj_5uo9mw>	<Fathollah_Khan_Akbar>	<diedIn>	<Tehran>	
<id_14o00ee_p3m_zkjp59>	<Mohammad_Hossein_Jalali>	<hasGender>	<male>	
<id_14o00ee_14h_zjx1yu>	<Mohammad_Hossein_Jalali>	<isPoliticianOf>	<Iran>	
<id_10bkl2t_p3m_zkjp59>	<Mohammad_Hosseini_(politician)>	<hasGender>	<male>	
<id_10bkl2t_14h_zjx1yu>	<Mohammad_Hosseini_(politician)>	<isPoliticianOf>	<Iran>	
<id_1oa1fw7_1s2_ulk8te>	<Ali_Mansur>	<isAffiliatedTo>	<Revival_Party>	
<id_1oa1fw7_p3m_zkjp59>	<Ali_Mansur>	<hasGender>	<male>	
<id_1oa1fw7_14h_zjx1yu>	<Ali_Mansur>	<isPoliticianOf>	<Iran>	
<id_1oa1fw7_oyl_5uo9mw>	<Ali_Mansur>	<wasBornIn>	<Tehran>	
<id_1oa1fw7_dhj_5uo9mw>	<Ali_Mansur>	<diedIn>	<Tehran>	
<id_1h32k17_p3m_zkjp59>	<Mostowfi_ol-Mamalek>	<hasGender>	<male>	
<id_1h32k17_1s2_lfh8x6>	<Mostowfi_ol-Mamalek>	<isAffiliatedTo>	<Constitutionalist_Party_of_Iran>	
<id_1h32k17_14h_zjx1yu>	<Mostowfi_ol-Mamalek>	<isPoliticianOf>	<Iran>	
<id_1h32k17_oyl_5uo9mw>	<Mostowfi_ol-Mamalek>	<wasBornIn>	<Tehran>	
<id_1h32k17_dhj_5uo9mw>	<Mostowfi_ol-Mamalek>	<diedIn>	<Tehran>	
<id_jxwb6q_1s2_1jvigea>	<Mirza_Ali_Asghar_Khan_Amin_al-Soltan>	<isAffiliatedTo>	<Independent_(politician)>	
<id_jxwb6q_p3m_zkjp59>	<Mirza_Ali_Asghar_Khan_Amin_al-Soltan>	<hasGender>	<male>	
<id_jxwb6q_14h_zjx1yu>	<Mirza_Ali_Asghar_Khan_Amin_al-Soltan>	<isPoliticianOf>	<Iran>	
<id_jxwb6q_oyl_5uo9mw>	<Mirza_Ali_Asghar_Khan_Amin_al-Soltan>	<wasBornIn>	<Tehran>	
<id_jxwb6q_dhj_5uo9mw>	<Mirza_Ali_Asghar_Khan_Amin_al-Soltan>	<diedIn>	<Tehran>	
<id_rjsbpq_p3m_zkjp59>	<Mohammad_Forouzandeh>	<hasGender>	<male>	
<id_rjsbpq_14h_zjx1yu>	<Mohammad_Forouzandeh>	<isPoliticianOf>	<Iran>	
<id_hp2wo_p3m_zkjp59>	<Mohammad_Reyshahri>	<hasGender>	<male>	
<id_hp2wo_oyl_ktfjvz>	<Mohammad_Reyshahri>	<wasBornIn>	<Rey,_Iran>	
<id_hp2wo_14h_zjx1yu>	<Mohammad_Reyshahri>	<isPoliticianOf>	<Iran>	
<id_goqrwx_oyl_1eoo33r>	<Rahman_Dadman>	<wasBornIn>	<Ardabil>	
<id_goqrwx_p3m_zkjp59>	<Rahman_Dadman>	<hasGender>	<male>	
<id_goqrwx_14h_zjx1yu>	<Rahman_Dadman>	<isPoliticianOf>	<Iran>	
<id_goqrwx_10x_knw1r3>	<Rahman_Dadman>	<graduatedFrom>	<University_of_Tehran>	
<id_1lwgtll_p3m_zkjp59>	<Rostam_Ghasemi>	<hasGender>	<male>	
<id_1lwgtll_14h_zjx1yu>	<Rostam_Ghasemi>	<isPoliticianOf>	<Iran>	
<id_1lwgtll_10x_1vgp1mn>	<Rostam_Ghasemi>	<graduatedFrom>	<Sharif_University_of_Technology>	
<id_q4v2d_p3m_zkjp59>	<Mirza_Abolhassan_Khan_Ilchi>	<hasGender>	<male>	
<id_q4v2d_14h_zjx1yu>	<Mirza_Abolhassan_Khan_Ilchi>	<isPoliticianOf>	<Iran>	
<id_1f79i0_p3m_zkjp59>	<Ali_Akbar_Velayati>	<hasGender>	<male>	
<id_1f79i0_1s2_njlemu>	<Ali_Akbar_Velayati>	<isAffiliatedTo>	<Islamic_Coalition_Party>	
<id_1f79i0_14h_zjx1yu>	<Ali_Akbar_Velayati>	<isPoliticianOf>	<Iran>	
<id_1f79i0_ice_bn03sd>	<Ali_Akbar_Velayati>	<hasWebsite>	<http://www.velayati.ir>	
<id_1f79i0_10x_1kxjzaw>	<Ali_Akbar_Velayati>	<graduatedFrom>	<Johns_Hopkins_University>	
<id_1f79i0_oyl_5uo9mw>	<Ali_Akbar_Velayati>	<wasBornIn>	<Tehran>	
<id_1f79i0_10x_knw1r3>	<Ali_Akbar_Velayati>	<graduatedFrom>	<University_of_Tehran>	
<id_1va8fg1_p3m_zkjp59>	<Saad_ad-Daula>	<hasGender>	<male>	
<id_1va8fg1_dhj_qjrks0>	<Saad_ad-Daula>	<diedIn>	<Isfahan>	
<id_1va8fg1_14h_zjx1yu>	<Saad_ad-Daula>	<isPoliticianOf>	<Iran>	
<id_186r1nc_oyl_qjrks0>	<Mohsen_Nourbakhsh>	<wasBornIn>	<Isfahan>	
<id_186r1nc_p3m_zkjp59>	<Mohsen_Nourbakhsh>	<hasGender>	<male>	
<id_186r1nc_14h_zjx1yu>	<Mohsen_Nourbakhsh>	<isPoliticianOf>	<Iran>	
<id_186r1nc_12k_5uo9mw>	<Mohsen_Nourbakhsh>	<livesIn>	<Tehran>	
<id_186r1nc_10x_knw1r3>	<Mohsen_Nourbakhsh>	<graduatedFrom>	<University_of_Tehran>	
<id_186r1nc_dhj_5uo9mw>	<Mohsen_Nourbakhsh>	<diedIn>	<Tehran>	
<id_11e3t5p_oyl_qjrks0>	<Mohammad_Gharazi>	<wasBornIn>	<Isfahan>	
<id_11e3t5p_p3m_zkjp59>	<Mohammad_Gharazi>	<hasGender>	<male>	
<id_11e3t5p_1s2_1jvigea>	<Mohammad_Gharazi>	<isAffiliatedTo>	<Independent_(politician)>	
<id_11e3t5p_14h_zjx1yu>	<Mohammad_Gharazi>	<isPoliticianOf>	<Iran>	
<id_11e3t5p_1s2_18oxfd4>	<Mohammad_Gharazi>	<isAffiliatedTo>	<People's_Mujahedin_of_Iran>	
<id_11e3t5p_10x_knw1r3>	<Mohammad_Gharazi>	<graduatedFrom>	<University_of_Tehran>	
<id_gcwdb6_12k_1bbidkp>	<Hassan_Taqizadeh>	<livesIn>	<Zahir-od-dowleh_cemetery>	
<id_gcwdb6_p3m_zkjp59>	<Hassan_Taqizadeh>	<hasGender>	<male>	
<id_gcwdb6_oyl_5sd9ji>	<Hassan_Taqizadeh>	<wasBornIn>	<Tabriz>	
<id_gcwdb6_14h_zjx1yu>	<Hassan_Taqizadeh>	<isPoliticianOf>	<Iran>	
<id_gcwdb6_dhj_5uo9mw>	<Hassan_Taqizadeh>	<diedIn>	<Tehran>	
<id_1osm1tj_p3m_zkjp59>	<Akbar_Torkan>	<hasGender>	<male>	
<id_1osm1tj_14h_zjx1yu>	<Akbar_Torkan>	<isPoliticianOf>	<Iran>	
<id_1osm1tj_oyl_5uo9mw>	<Akbar_Torkan>	<wasBornIn>	<Tehran>	
<id_1osm1tj_10x_1vgp1mn>	<Akbar_Torkan>	<graduatedFrom>	<Sharif_University_of_Technology>	
<id_nfg97j_1s2_1dr1ewl>	<Fazlollah_Zahedi>	<isAffiliatedTo>	<Armed_Forces_of_the_Islamic_Republic_of_Iran>	
<id_nfg97j_oyl_3gh4lc>	<Fazlollah_Zahedi>	<wasBornIn>	<Hamedan>	
<id_1leph85_11e_nfg97j>	<Mohammad_Mosaddegh>	<hasChild>	<Fazlollah_Zahedi>	
<id_nfg97j_p3m_zkjp59>	<Fazlollah_Zahedi>	<hasGender>	<male>	
<id_nfg97j_14h_zjx1yu>	<Fazlollah_Zahedi>	<isPoliticianOf>	<Iran>	
<id_nfg97j_dhj_1yqat9c>	<Fazlollah_Zahedi>	<diedIn>	<Geneva>	
<id_p4ld3n_oyl_qjrks0>	<Sadegh_Ghotbzadeh>	<wasBornIn>	<Isfahan>	
<id_p4ld3n_p3m_zkjp59>	<Sadegh_Ghotbzadeh>	<hasGender>	<male>	
<id_p4ld3n_1s2_1cwft1q>	<Sadegh_Ghotbzadeh>	<isAffiliatedTo>	<National_Front_(Iran)>	
<id_p4ld3n_14h_zjx1yu>	<Sadegh_Ghotbzadeh>	<isPoliticianOf>	<Iran>	
<id_p4ld3n_1s2_atzms7>	<Sadegh_Ghotbzadeh>	<isAffiliatedTo>	<Freedom_Movement_of_Iran>	
<id_p4ld3n_dhj_5uo9mw>	<Sadegh_Ghotbzadeh>	<diedIn>	<Tehran>	
<id_1oofkvw_1s2_ta7v2j>	<Amir-Abbas_Hoveyda>	<isAffiliatedTo>	<Pan-Iranist_Party>	
<id_1oofkvw_p3m_zkjp59>	<Amir-Abbas_Hoveyda>	<hasGender>	<male>	
<id_1oofkvw_14h_zjx1yu>	<Amir-Abbas_Hoveyda>	<isPoliticianOf>	<Iran>	
<id_1oofkvw_1s2_1exw152>	<Amir-Abbas_Hoveyda>	<isAffiliatedTo>	<Rastakhiz_Party>	
<id_1oofkvw_oyl_5uo9mw>	<Amir-Abbas_Hoveyda>	<wasBornIn>	<Tehran>	
<id_1oofkvw_1s2_1c0sbdo>	<Amir-Abbas_Hoveyda>	<isAffiliatedTo>	<New_Iran_Party>	
<id_1oofkvw_dhj_5uo9mw>	<Amir-Abbas_Hoveyda>	<diedIn>	<Tehran>	
<id_z5yarm_p3m_zkjp59>	<Jamshid_Amouzegar>	<hasGender>	<male>	
<id_z5yarm_10x_1f9koy8>	<Jamshid_Amouzegar>	<graduatedFrom>	<Cornell_University>	
<id_z5yarm_14h_zjx1yu>	<Jamshid_Amouzegar>	<isPoliticianOf>	<Iran>	
<id_z5yarm_1s2_1exw152>	<Jamshid_Amouzegar>	<isAffiliatedTo>	<Rastakhiz_Party>	
<id_z5yarm_oyl_5uo9mw>	<Jamshid_Amouzegar>	<wasBornIn>	<Tehran>	
<id_1qn8b2j_p3m_zkjp59>	<Ali_Younesi>	<hasGender>	<male>	
<id_1qn8b2j_14h_zjx1yu>	<Ali_Younesi>	<isPoliticianOf>	<Iran>	
<id_1qn8b2j_oyl_1sm1ub1>	<Ali_Younesi>	<wasBornIn>	<Nahavand>	
<id_4ai0p9_p3m_zkjp59>	<Mostafa_Mohammad-Najjar>	<hasGender>	<male>	
<id_4ai0p9_14h_zjx1yu>	<Mostafa_Mohammad-Najjar>	<isPoliticianOf>	<Iran>	
<id_4ai0p9_oyl_5uo9mw>	<Mostafa_Mohammad-Najjar>	<wasBornIn>	<Tehran>	
<id_109gaa6_oyl_c1rt8s>	<Gholam-Hossein_Elham>	<wasBornIn>	<Andimeshk>	
<id_109gaa6_10x_ekto6k>	<Gholam-Hossein_Elham>	<graduatedFrom>	<Tarbiat_Modares_University>	
<id_109gaa6_1s2_1mf2lim>	<Gholam-Hossein_Elham>	<isAffiliatedTo>	<Alliance_of_Builders_of_Islamic_Iran>	
<id_109gaa6_14h_zjx1yu>	<Gholam-Hossein_Elham>	<isPoliticianOf>	<Iran>	
<id_109gaa6_12k_5uo9mw>	<Gholam-Hossein_Elham>	<livesIn>	<Tehran>	
<id_109gaa6_10x_knw1r3>	<Gholam-Hossein_Elham>	<graduatedFrom>	<University_of_Tehran>	
<id_5mxh1z_11e_10709pj>	<Ali_Khamenei>	<hasChild>	<Hashemi_Rafsanjani>	
<id_10709pj_11e_p2m5qk>	<Hashemi_Rafsanjani>	<hasChild>	<Mohammad_Khatami>	
<id_10709pj_oyl_3429dq>	<Hashemi_Rafsanjani>	<wasBornIn>	<Bahreman>	
<id_10709pj_1s2_1oudnjq>	<Hashemi_Rafsanjani>	<isAffiliatedTo>	<Combatant_Clergy_Association>	
<id_10709pj_14h_zjx1yu>	<Hashemi_Rafsanjani>	<isPoliticianOf>	<Iran>	
<id_10709pj_10x_18jvp3p>	<Hashemi_Rafsanjani>	<graduatedFrom>	<Qom_Hawza>	
<id_1y9ovwz_p3m_zkjp59>	<Ali_Fallahian>	<hasGender>	<male>	
<id_1y9ovwz_oyl_178f68w>	<Ali_Fallahian>	<wasBornIn>	<Najafabad>	
<id_1y9ovwz_14h_zjx1yu>	<Ali_Fallahian>	<isPoliticianOf>	<Iran>	
<id_1p8qhak_p3m_zkjp59>	<Behzad_Nabavi>	<hasGender>	<male>	
<id_1p8qhak_14h_zjx1yu>	<Behzad_Nabavi>	<isPoliticianOf>	<Iran>	
<id_1p8qhak_oyl_5uo9mw>	<Behzad_Nabavi>	<wasBornIn>	<Tehran>	
<id_1p8qhak_1s2_13992a0>	<Behzad_Nabavi>	<isAffiliatedTo>	<Mojahedin_of_the_Islamic_Revolution_Organization>	
<id_16wvdqr_p3m_zkjp59>	<Hassan_Pakravan>	<hasGender>	<male>	
<id_16wvdqr_14h_zjx1yu>	<Hassan_Pakravan>	<isPoliticianOf>	<Iran>	
<id_16wvdqr_oyl_5uo9mw>	<Hassan_Pakravan>	<wasBornIn>	<Tehran>	
<id_16wvdqr_dhj_5uo9mw>	<Hassan_Pakravan>	<diedIn>	<Tehran>	
<id_8rhs39_dhj_1vjwjx8>	<Asadollah_Alam>	<diedIn>	<New_York_City>	
<id_8rhs39_p3m_zkjp59>	<Asadollah_Alam>	<hasGender>	<male>	
<id_8rhs39_14h_zjx1yu>	<Asadollah_Alam>	<isPoliticianOf>	<Iran>	
<id_8rhs39_oyl_1pbimc8>	<Asadollah_Alam>	<wasBornIn>	<Birjand>	
<id_qcnrlp_p3m_zkjp59>	<Kazem_Sami>	<hasGender>	<male>	
<id_qcnrlp_10x_x0bptn>	<Kazem_Sami>	<graduatedFrom>	<Ferdowsi_University_of_Mashhad>	
<id_qcnrlp_1s2_atzms7>	<Kazem_Sami>	<isAffiliatedTo>	<Freedom_Movement_of_Iran>	
<id_qcnrlp_14h_zjx1yu>	<Kazem_Sami>	<isPoliticianOf>	<Iran>	
<id_qcnrlp_10x_knw1r3>	<Kazem_Sami>	<graduatedFrom>	<University_of_Tehran>	
<id_qcnrlp_oyl_5wp97m>	<Kazem_Sami>	<wasBornIn>	<Mashhad>	
<id_qcnrlp_dhj_5uo9mw>	<Kazem_Sami>	<diedIn>	<Tehran>	
<id_itqndn_p3m_zkjp59>	<Nematollah_Nassiri>	<hasGender>	<male>	
<id_itqndn_oyl_1pdgy95>	<Nematollah_Nassiri>	<wasBornIn>	<Semnan,_Iran>	
<id_itqndn_14h_zjx1yu>	<Nematollah_Nassiri>	<isPoliticianOf>	<Iran>	
<id_itqndn_dhj_5uo9mw>	<Nematollah_Nassiri>	<diedIn>	<Tehran>	
<id_144uwno_p3m_zkjp59>	<Asadollah_Abbasi>	<hasGender>	<male>	
<id_144uwno_14h_zjx1yu>	<Asadollah_Abbasi>	<isPoliticianOf>	<Iran>	
<id_ftzelp_p3m_zkjp59>	<Ali_Mohammad_Besharati>	<hasGender>	<male>	
<id_ftzelp_14h_zjx1yu>	<Ali_Mohammad_Besharati>	<isPoliticianOf>	<Iran>	
<id_1bjx9ho_oyl_1j9b5k>	<Abdolhossein_Hazhir>	<wasBornIn>	<Kashan>	
<id_1bjx9ho_p3m_zkjp59>	<Abdolhossein_Hazhir>	<hasGender>	<male>	
<id_1bjx9ho_10x_1nisgjd>	<Abdolhossein_Hazhir>	<graduatedFrom>	<University_of_Isfahan>	
<id_1bjx9ho_1s2_dugays>	<Abdolhossein_Hazhir>	<isAffiliatedTo>	<Liberal_Party>	
<id_1bjx9ho_14h_zjx1yu>	<Abdolhossein_Hazhir>	<isPoliticianOf>	<Iran>	
<id_1bjx9ho_dhj_5uo9mw>	<Abdolhossein_Hazhir>	<diedIn>	<Tehran>	
<id_k5f8q7_oyl_qjrks0>	<Gholamreza_Nikpey>	<wasBornIn>	<Isfahan>	
<id_k5f8q7_p3m_zkjp59>	<Gholamreza_Nikpey>	<hasGender>	<male>	
<id_k5f8q7_14h_zjx1yu>	<Gholamreza_Nikpey>	<isPoliticianOf>	<Iran>	
<id_k5f8q7_dhj_5uo9mw>	<Gholamreza_Nikpey>	<diedIn>	<Tehran>	
<id_gbs6s_p3m_zkjp59>	<Mohammad_Mehdi_Zahedi>	<hasGender>	<male>	
<id_gbs6s_10x_ekto6k>	<Mohammad_Mehdi_Zahedi>	<graduatedFrom>	<Tarbiat_Modares_University>	
<id_gbs6s_14h_zjx1yu>	<Mohammad_Mehdi_Zahedi>	<isPoliticianOf>	<Iran>	
<id_gbs6s_oyl_1lfy8y>	<Mohammad_Mehdi_Zahedi>	<wasBornIn>	<Kerman>	
<id_1dfmyoi_p3m_zkjp59>	<Reza_Taghipour>	<hasGender>	<male>	
<id_1dfmyoi_14h_zjx1yu>	<Reza_Taghipour>	<isPoliticianOf>	<Iran>	
<id_1dfmyoi_oyl_14im5d3>	<Reza_Taghipour>	<wasBornIn>	<Maragheh>	
<id_3rdwvi_p3m_zkjp59>	<Habibollah_Asgaroladi>	<hasGender>	<male>	
<id_3rdwvi_oyl_5uo9mw>	<Habibollah_Asgaroladi>	<wasBornIn>	<Tehran>	
<id_3rdwvi_14h_zjx1yu>	<Habibollah_Asgaroladi>	<isPoliticianOf>	<Iran>	
<id_3rdwvi_1s2_njlemu>	<Habibollah_Asgaroladi>	<isAffiliatedTo>	<Islamic_Coalition_Party>	
<id_b6jqby_p3m_zkjp59>	<Mousa_Namjoo>	<hasGender>	<male>	
<id_b6jqby_14h_zjx1yu>	<Mousa_Namjoo>	<isPoliticianOf>	<Iran>	
<id_vh6axq_p3m_zkjp59>	<Ali_Tayebnia>	<hasGender>	<male>	
<id_vh6axq_14h_zjx1yu>	<Ali_Tayebnia>	<isPoliticianOf>	<Iran>	
<id_99ud2h_oyl_10k7k3s>	<Hushang_Ansary>	<wasBornIn>	<Ahvaz>	
<id_99ud2h_p3m_zkjp59>	<Hushang_Ansary>	<hasGender>	<male>	
<id_99ud2h_12k_a7rgvi>	<Hushang_Ansary>	<livesIn>	<Houston>	
<id_99ud2h_14h_zjx1yu>	<Hushang_Ansary>	<isPoliticianOf>	<Iran>	
<id_1vouyrk_14h_zjx1yu>	<fr/Reza_Sardar_Fakher_Hekmat>	<isPoliticianOf>	<Iran>	
<id_hu08pl_p3m_zkjp59>	<Hossein_Dehghan>	<hasGender>	<male>	
<id_hu08pl_14h_zjx1yu>	<Hossein_Dehghan>	<isPoliticianOf>	<Iran>	
<id_hu08pl_oyl_hld9z8>	<Hossein_Dehghan>	<wasBornIn>	<Dehaqan>	
<id_hu08pl_10x_knw1r3>	<Hossein_Dehghan>	<graduatedFrom>	<University_of_Tehran>	
<id_kqulwb_p3m_zkjp59>	<Parviz_Fattah>	<hasGender>	<male>	
<id_kqulwb_oyl_10vdnc8>	<Parviz_Fattah>	<wasBornIn>	<Urmia>	
<id_kqulwb_10x_17p762h>	<Parviz_Fattah>	<graduatedFrom>	<Imam_Hossein_University>	
<id_kqulwb_14h_zjx1yu>	<Parviz_Fattah>	<isPoliticianOf>	<Iran>	
<id_1u42k5g_p3m_zkjp59>	<Ghorbanali_Dorri-Najafabadi>	<hasGender>	<male>	
<id_1u42k5g_oyl_ktfjvz>	<Ghorbanali_Dorri-Najafabadi>	<wasBornIn>	<Rey,_Iran>	
<id_1u42k5g_14h_zjx1yu>	<Ghorbanali_Dorri-Najafabadi>	<isPoliticianOf>	<Iran>	
<id_5mxh1z_11e_10709pj>	<Ali_Khamenei>	<hasChild>	<Hashemi_Rafsanjani>	
<id_5mxh1z_p3m_zkjp59>	<Ali_Khamenei>	<hasGender>	<male>	
<id_1v66fii_1sv_5mxh1z>	<Hussein-Ali_Montazeri>	<influences>	<Ali_Khamenei>	
<id_5mxh1z_11e_1yw7fk1>	<Ali_Khamenei>	<hasChild>	<Mojtaba_Khamenei>	
<id_1o0o82b_11e_5mxh1z>	<Mohammad-Ali_Rajai>	<hasChild>	<Ali_Khamenei>	
<id_5mxh1z_1s2_1oudnjq>	<Ali_Khamenei>	<isAffiliatedTo>	<Combatant_Clergy_Association>	
<id_7dkch4_11e_5mxh1z>	<Ruhollah_Khomeini>	<hasChild>	<Ali_Khamenei>	
<id_5mxh1z_14h_zjx1yu>	<Ali_Khamenei>	<isPoliticianOf>	<Iran>	
<id_5mxh1z_1s2_1edkg9z>	<Ali_Khamenei>	<isAffiliatedTo>	<Islamic_Republican_Party>	
<id_5mxh1z_ice_meqghb>	<Ali_Khamenei>	<hasWebsite>	<http://khamenei.ir>	
<id_5mxh1z_1c7_zjx1yu>	<Ali_Khamenei>	<isLeaderOf>	<Iran>	
<id_5mxh1z_1c7_1dr1ewl>	<Ali_Khamenei>	<isLeaderOf>	<Armed_Forces_of_the_Islamic_Republic_of_Iran>	
<id_5mxh1z_oyl_5wp97m>	<Ali_Khamenei>	<wasBornIn>	<Mashhad>	
<id_17nvxdk_p3m_zkjp59>	<Ebrahim_Yazdi>	<hasGender>	<male>	
<id_17nvxdk_1s2_atzms7>	<Ebrahim_Yazdi>	<isAffiliatedTo>	<Freedom_Movement_of_Iran>	
<id_17nvxdk_oyl_4dnt01>	<Ebrahim_Yazdi>	<wasBornIn>	<Qazvin>	
<id_17nvxdk_14h_zjx1yu>	<Ebrahim_Yazdi>	<isPoliticianOf>	<Iran>	
<id_17nvxdk_tje_zjx1yu>	<Ebrahim_Yazdi>	<isCitizenOf>	<Iran>	
<id_17nvxdk_10x_97xp20>	<Ebrahim_Yazdi>	<graduatedFrom>	<Baylor_University>	
<id_17nvxdk_10x_knw1r3>	<Ebrahim_Yazdi>	<graduatedFrom>	<University_of_Tehran>	
<id_xbhnrf_oyl_nw8bc4>	<Amir_Kabir>	<wasBornIn>	<Arak,_Iran>	
<id_xbhnrf_dhj_1j9b5k>	<Amir_Kabir>	<diedIn>	<Kashan>	
<id_xbhnrf_p3m_zkjp59>	<Amir_Kabir>	<hasGender>	<male>	
<id_xbhnrf_1s2_1jvigea>	<Amir_Kabir>	<isAffiliatedTo>	<Independent_(politician)>	
<id_xbhnrf_14h_zjx1yu>	<Amir_Kabir>	<isPoliticianOf>	<Iran>	
<id_11m3jk1_10x_wfif1r>	<Mahmoud_Hessaby>	<graduatedFrom>	<Supélec>	
<id_11m3jk1_10x_1rlrq5d>	<Mahmoud_Hessaby>	<graduatedFrom>	<American_University_of_Beirut>	
<id_11m3jk1_p3m_zkjp59>	<Mahmoud_Hessaby>	<hasGender>	<male>	
<id_11m3jk1_10x_pt3e5w>	<Mahmoud_Hessaby>	<graduatedFrom>	<University_of_Paris>	
<id_11m3jk1_dhj_1yqat9c>	<Mahmoud_Hessaby>	<diedIn>	<Geneva>	
<id_11m3jk1_14h_zjx1yu>	<Mahmoud_Hessaby>	<isPoliticianOf>	<Iran>	
<id_11m3jk1_tje_zjx1yu>	<Mahmoud_Hessaby>	<isCitizenOf>	<Iran>	
<id_1uz9p_ab2_17jwwt4>	<Hossein_Ala'>	<hasWonPrize>	<Order_of_the_Crown_(Iran)>	
<id_1uz9p_p3m_zkjp59>	<Hossein_Ala'>	<hasGender>	<male>	
<id_1uz9p_oyl_5uo9mw>	<Hossein_Ala'>	<wasBornIn>	<Tehran>	
<id_1uz9p_14h_zjx1yu>	<Hossein_Ala'>	<isPoliticianOf>	<Iran>	
<id_1uz9p_dhj_5uo9mw>	<Hossein_Ala'>	<diedIn>	<Tehran>	
<id_946x3g_p3m_zkjp59>	<Saeed_Emami>	<hasGender>	<male>	
<id_946x3g_14h_zjx1yu>	<Saeed_Emami>	<isPoliticianOf>	<Iran>	
<id_1ovfmry_p3m_zkjp59>	<Ali_Nikzad>	<hasGender>	<male>	
<id_1ovfmry_oyl_1eoo33r>	<Ali_Nikzad>	<wasBornIn>	<Ardabil>	
<id_1ovfmry_14h_zjx1yu>	<Ali_Nikzad>	<isPoliticianOf>	<Iran>	
<id_1lnjkqn_1s2_1dr1ewl>	<Haj_Ali_Razmara>	<isAffiliatedTo>	<Armed_Forces_of_the_Islamic_Republic_of_Iran>	
<id_1lnjkqn_p3m_zkjp59>	<Haj_Ali_Razmara>	<hasGender>	<male>	
<id_1lnjkqn_oyl_5uo9mw>	<Haj_Ali_Razmara>	<wasBornIn>	<Tehran>	
<id_1lnjkqn_14h_zjx1yu>	<Haj_Ali_Razmara>	<isPoliticianOf>	<Iran>	
<id_16niaev_p3m_zkjp59>	<Haji_Washington>	<hasGender>	<male>	
<id_16niaev_14h_zjx1yu>	<Haji_Washington>	<isPoliticianOf>	<Iran>	
<id_ugydod_p3m_zkjp59>	<Mohammad_Shariatmadari>	<hasGender>	<male>	
<id_ugydod_14h_zjx1yu>	<Mohammad_Shariatmadari>	<isPoliticianOf>	<Iran>	
<id_xycjm3_p3m_zkjp59>	<Hashem_Sabbaghian>	<hasGender>	<male>	
<id_xycjm3_14h_zjx1yu>	<Hashem_Sabbaghian>	<isPoliticianOf>	<Iran>	
<id_xycjm3_oyl_5uo9mw>	<Hashem_Sabbaghian>	<wasBornIn>	<Tehran>	
<id_xycjm3_1s2_atzms7>	<Hashem_Sabbaghian>	<isAffiliatedTo>	<Freedom_Movement_of_Iran>	
<id_1g4xm1y_p3m_zkjp59>	<Ismail_Mumtaz>	<hasGender>	<male>	
<id_1g4xm1y_14h_zjx1yu>	<Ismail_Mumtaz>	<isPoliticianOf>	<Iran>	
<id_ph8sdk_oyl_10k7k3s>	<Mohammad-Reza_Eskandari>	<wasBornIn>	<Ahvaz>	
<id_ph8sdk_14h_zjx1yu>	<Mohammad-Reza_Eskandari>	<isPoliticianOf>	<Iran>	
<id_avdchq_p3m_zkjp59>	<Hamid-Reza_Haji_Babaee>	<hasGender>	<male>	
<id_avdchq_oyl_3gh4lc>	<Hamid-Reza_Haji_Babaee>	<wasBornIn>	<Hamedan>	
<id_avdchq_14h_zjx1yu>	<Hamid-Reza_Haji_Babaee>	<isPoliticianOf>	<Iran>	
<id_tt7b2g_p3m_zkjp59>	<Safdar_Hosseini>	<hasGender>	<male>	
<id_tt7b2g_10x_11k6fo6>	<Safdar_Hosseini>	<graduatedFrom>	<Shiraz_University>	
<id_tt7b2g_14h_zjx1yu>	<Safdar_Hosseini>	<isPoliticianOf>	<Iran>	
<id_tt7b2g_10x_14gyic4>	<Safdar_Hosseini>	<graduatedFrom>	<University_of_Saskatchewan>	
<id_tt7b2g_12k_5uo9mw>	<Safdar_Hosseini>	<livesIn>	<Tehran>	
<id_tt7b2g_1s2_1q7viqg>	<Safdar_Hosseini>	<isAffiliatedTo>	<Iranian_reform_movement>	
<id_pv2egt_oyl_5fao0n>	<Ali_Shariatmadari>	<wasBornIn>	<Shiraz>	
<id_pv2egt_p3m_zkjp59>	<Ali_Shariatmadari>	<hasGender>	<male>	
<id_pv2egt_14h_zjx1yu>	<Ali_Shariatmadari>	<isPoliticianOf>	<Iran>	
<id_12m3lfe_p3m_zkjp59>	<Abdolvahed_Mousavi_Lari>	<hasGender>	<male>	
<id_12m3lfe_1s2_wshju5>	<Abdolvahed_Mousavi_Lari>	<isAffiliatedTo>	<Association_of_Combatant_Clerics>	
<id_12m3lfe_14h_zjx1yu>	<Abdolvahed_Mousavi_Lari>	<isPoliticianOf>	<Iran>	
<id_12m3lfe_oyl_5uo9mw>	<Abdolvahed_Mousavi_Lari>	<wasBornIn>	<Tehran>	
<id_1n60kws_p3m_zkjp59>	<Mirza_Hassan_Khan_Esfandiary>	<hasGender>	<male>	
<id_1n60kws_14h_zjx1yu>	<Mirza_Hassan_Khan_Esfandiary>	<isPoliticianOf>	<Iran>	
<id_rurvrq_14h_zjx1yu>	<nl/Jafaar_Sharif-Emami>	<isPoliticianOf>	<Iran>	
<id_1gd0cbo_p3m_zkjp59>	<Hossein_Ghods-Nakhai>	<hasGender>	<male>	
<id_1gd0cbo_dhj_5uo9mw>	<Hossein_Ghods-Nakhai>	<diedIn>	<Tehran>	
<id_1gd0cbo_14h_zjx1yu>	<Hossein_Ghods-Nakhai>	<isPoliticianOf>	<Iran>	
<id_1eexj36_oyl_5fao0n>	<Zia'eddin_Tabatabaee>	<wasBornIn>	<Shiraz>	
<id_1eexj36_p3m_zkjp59>	<Zia'eddin_Tabatabaee>	<hasGender>	<male>	
<id_1eexj36_dhj_5uo9mw>	<Zia'eddin_Tabatabaee>	<diedIn>	<Tehran>	
<id_1eexj36_14h_zjx1yu>	<Zia'eddin_Tabatabaee>	<isPoliticianOf>	<Iran>	
<id_dgmoug_p3m_zkjp59>	<Alireza_Ali_Ahmadi>	<hasGender>	<male>	
<id_dgmoug_oyl_qjrks0>	<Alireza_Ali_Ahmadi>	<wasBornIn>	<Isfahan>	
<id_dgmoug_14h_zjx1yu>	<Alireza_Ali_Ahmadi>	<isPoliticianOf>	<Iran>	
<id_1kbfln7_10x_q0rugy>	<Davoud_Danesh-Jafari>	<graduatedFrom>	<Allameh_Tabatabaei_University>	
<id_1kbfln7_p3m_zkjp59>	<Davoud_Danesh-Jafari>	<hasGender>	<male>	
<id_1kbfln7_14h_zjx1yu>	<Davoud_Danesh-Jafari>	<isPoliticianOf>	<Iran>	
<id_1kbfln7_oyl_5uo9mw>	<Davoud_Danesh-Jafari>	<wasBornIn>	<Tehran>	
<id_1uyfphu_oyl_5sd9ji>	<Ebrahim_Hakimi>	<wasBornIn>	<Tabriz>	
<id_1uyfphu_p3m_zkjp59>	<Ebrahim_Hakimi>	<hasGender>	<male>	
<id_1uyfphu_dhj_5uo9mw>	<Ebrahim_Hakimi>	<diedIn>	<Tehran>	
<id_1uyfphu_14h_zjx1yu>	<Ebrahim_Hakimi>	<isPoliticianOf>	<Iran>	
<id_1wix78a_oyl_1laums>	<Ali_Akbar_Nategh-Nouri>	<wasBornIn>	<Nur,_Iran>	
<id_1wix78a_p3m_zkjp59>	<Ali_Akbar_Nategh-Nouri>	<hasGender>	<male>	
<id_1wix78a_10x_knw1r3>	<Ali_Akbar_Nategh-Nouri>	<graduatedFrom>	<University_of_Tehran>	
<id_1wix78a_14h_zjx1yu>	<Ali_Akbar_Nategh-Nouri>	<isPoliticianOf>	<Iran>	
<id_1leph85_1s2_1cwft1q>	<Mohammad_Mosaddegh>	<isAffiliatedTo>	<National_Front_(Iran)>	
<id_1leph85_p3m_zkjp59>	<Mohammad_Mosaddegh>	<hasGender>	<male>	
<id_1leph85_11e_nfg97j>	<Mohammad_Mosaddegh>	<hasChild>	<Fazlollah_Zahedi>	
<id_1leph85_10x_182mw6d>	<Mohammad_Mosaddegh>	<graduatedFrom>	<University_of_Neuchâtel>	
<id_1leph85_10x_w7lewf>	<Mohammad_Mosaddegh>	<graduatedFrom>	<Sciences_Po>	
<id_1leph85_1sv_1c6exkr>	<Mohammad_Mosaddegh>	<influences>	<Mahmoud_Taleghani>	
<id_1leph85_1gi_1cwft1q>	<Mohammad_Mosaddegh>	<created>	<National_Front_(Iran)>	
<id_1leph85_12c_2t522p>	<Mohammad_Mosaddegh>	<participatedIn>	<1953_Iranian_coup_d'état>	
<id_1leph85_14h_zjx1yu>	<Mohammad_Mosaddegh>	<isPoliticianOf>	<Iran>	
<id_1leph85_11e_ozfjdo>	<Mohammad_Mosaddegh>	<hasChild>	<Ahmad_Qavam>	
<id_1leph85_dhj_1bnf46u>	<Mohammad_Mosaddegh>	<diedIn>	<Ahmadabad-e_Mosaddeq>	
<id_1leph85_oyl_5uo9mw>	<Mohammad_Mosaddegh>	<wasBornIn>	<Tehran>	
<id_cttmhh_p3m_zkjp59>	<Ali_Akbar_Siassi>	<hasGender>	<male>	
<id_cttmhh_14h_zjx1yu>	<Ali_Akbar_Siassi>	<isPoliticianOf>	<Iran>	
<id_8a7itk_1s2_p2m5qk>	<Javad_Etaat>	<isAffiliatedTo>	<Mohammad_Khatami>	
<id_p2m5qk_ice_xo5eqk>	<Mohammad_Khatami>	<hasWebsite>	<http://www.Khatami.ir/>	
<id_p2m5qk_10x_1nisgjd>	<Mohammad_Khatami>	<graduatedFrom>	<University_of_Isfahan>	
<id_p2m5qk_oyl_1eoo9l6>	<Mohammad_Khatami>	<wasBornIn>	<Ardakan>	
<id_p2m5qk_p3m_zkjp59>	<Mohammad_Khatami>	<hasGender>	<male>	
<id_p2m5qk_1s2_wshju5>	<Mohammad_Khatami>	<isAffiliatedTo>	<Association_of_Combatant_Clerics>	
<id_10709pj_11e_p2m5qk>	<Hashemi_Rafsanjani>	<hasChild>	<Mohammad_Khatami>	
<id_p2m5qk_10x_knw1r3>	<Mohammad_Khatami>	<graduatedFrom>	<University_of_Tehran>	
<id_p2m5qk_14h_zjx1yu>	<Mohammad_Khatami>	<isPoliticianOf>	<Iran>	
<id_p2m5qk_12k_todq4y>	<Mohammad_Khatami>	<livesIn>	<Pasdaran_(district)>	
<id_p2m5qk_11e_1kba8jg>	<Mohammad_Khatami>	<hasChild>	<Mahmoud_Ahmadinejad>	
<id_p2m5qk_12k_5uo9mw>	<Mohammad_Khatami>	<livesIn>	<Tehran>	
<id_188hc6u_p3m_zkjp59>	<Nasser_Minachi>	<hasGender>	<male>	
<id_188hc6u_14h_zjx1yu>	<Nasser_Minachi>	<isPoliticianOf>	<Iran>	
<id_14t17p_p3m_zkjp59>	<Ali-Akbar_Davar>	<hasGender>	<male>	
<id_14t17p_dhj_5uo9mw>	<Ali-Akbar_Davar>	<diedIn>	<Tehran>	
<id_14t17p_14h_zjx1yu>	<Ali-Akbar_Davar>	<isPoliticianOf>	<Iran>	
<id_14t17p_oyl_5uo9mw>	<Ali-Akbar_Davar>	<wasBornIn>	<Tehran>	
<id_1hh2vqh_p3m_zkjp59>	<Gholam-Hossein_Mohseni-Eje'i>	<hasGender>	<male>	
<id_1hh2vqh_oyl_qjrks0>	<Gholam-Hossein_Mohseni-Eje'i>	<wasBornIn>	<Isfahan>	
<id_1hh2vqh_14h_zjx1yu>	<Gholam-Hossein_Mohseni-Eje'i>	<isPoliticianOf>	<Iran>	
<id_3oo5r9_p3m_zkjp59>	<Iradj_Fazel>	<hasGender>	<male>	
<id_3oo5r9_oyl_8mrpwg>	<Iradj_Fazel>	<wasBornIn>	<Ardestan>	
<id_3oo5r9_14h_zjx1yu>	<Iradj_Fazel>	<isPoliticianOf>	<Iran>	
<id_1185dh3_p3m_zkjp59>	<Mohammad_Abbasi>	<hasGender>	<male>	
<id_1185dh3_14h_zjx1yu>	<Mohammad_Abbasi>	<isPoliticianOf>	<Iran>	
<id_qqu0fl_p3m_zkjp59>	<Hamid_Chitchian>	<hasGender>	<male>	
<id_qqu0fl_14h_zjx1yu>	<Hamid_Chitchian>	<isPoliticianOf>	<Iran>	
<id_6hrs7q_oyl_zk6xqq>	<Mohammad_Reza_Aref>	<wasBornIn>	<Yazd>	
<id_6hrs7q_p3m_zkjp59>	<Mohammad_Reza_Aref>	<hasGender>	<male>	
<id_6hrs7q_1an_qvcb8>	<Mohammad_Reza_Aref>	<hasAcademicAdvisor>	<Thomas_M._Cover>	
<id_6hrs7q_10x_knw1r3>	<Mohammad_Reza_Aref>	<graduatedFrom>	<University_of_Tehran>	
<id_6hrs7q_ice_zk01ig>	<Mohammad_Reza_Aref>	<hasWebsite>	<http://ee.sharif.edu/>	
<id_6hrs7q_1s2_odpb4p>	<Mohammad_Reza_Aref>	<isAffiliatedTo>	<Islamic_Iran_Participation_Front>	
<id_6hrs7q_10x_wdk2v8>	<Mohammad_Reza_Aref>	<graduatedFrom>	<Stanford_University>	
<id_6hrs7q_14h_zjx1yu>	<Mohammad_Reza_Aref>	<isPoliticianOf>	<Iran>	
<id_1mp4ftz_p3m_zkjp59>	<Hossein_Saffar_Harandi>	<hasGender>	<male>	
<id_1mp4ftz_10x_knw1r3>	<Hossein_Saffar_Harandi>	<graduatedFrom>	<University_of_Tehran>	
<id_1mp4ftz_oyl_1yvvc4q>	<Hossein_Saffar_Harandi>	<wasBornIn>	<Gorgan>	
<id_1mp4ftz_14h_zjx1yu>	<Hossein_Saffar_Harandi>	<isPoliticianOf>	<Iran>	
<id_1tbhke9_ab2_m1zh6t>	<Rezā_Shāh>	<hasWonPrize>	<Order_of_Leopold_(Belgium)>	
<id_1cxno5z_11e_1tbhke9>	<Abbas_Ali_Khan>	<hasChild>	<Rezā_Shāh>	
<id_1tbhke9_11e_1lhzbtt>	<Rezā_Shāh>	<hasChild>	<Ashraf_Pahlavi>	
<id_1tbhke9_11e_30ibi3>	<Rezā_Shāh>	<hasChild>	<Mohammad_Ali_Foroughi>	
<id_1tbhke9_16x_hdcae7>	<Rezā_Shāh>	<isMarriedTo>	<Tadj_ol-Molouk>	
<id_hdcae7_16x_1tbhke9>	<Tadj_ol-Molouk>	<isMarriedTo>	<Rezā_Shāh>	
<id_1tbhke9_p3m_zkjp59>	<Rezā_Shāh>	<hasGender>	<male>	
<id_1tbhke9_dhj_1ilzyvo>	<Rezā_Shāh>	<diedIn>	<Johannesburg>	
<id_1tbhke9_11e_1gikrte>	<Rezā_Shāh>	<hasChild>	<Shams_Pahlavi>	
<id_1tbhke9_ab2_1t2aoo8>	<Rezā_Shāh>	<hasWonPrize>	<Order_of_the_Crown_of_Italy>	
<id_1tbhke9_ab2_1iuyob1>	<Rezā_Shāh>	<hasWonPrize>	<Order_of_the_White_Eagle_(Poland)>	
<id_1tbhke9_11e_ti97d1>	<Rezā_Shāh>	<hasChild>	<Ali_Reza_Pahlavi_I>	
<id_1tbhke9_11e_yjrou3>	<Rezā_Shāh>	<hasChild>	<Mohammad_Reza_Pahlavi>	
<id_1tbhke9_16x_smhs4t>	<Rezā_Shāh>	<isMarriedTo>	<Esmat_Dowlatshahi>	
<id_smhs4t_16x_1tbhke9>	<Esmat_Dowlatshahi>	<isMarriedTo>	<Rezā_Shāh>	
<id_1tbhke9_14h_zjx1yu>	<Rezā_Shāh>	<isPoliticianOf>	<Iran>	
<id_1tbhke9_oyl_1vznma1>	<Rezā_Shāh>	<wasBornIn>	<Alasht>	
<id_gso4sh_16x_bi2ynu>	<Mir-Hossein_Mousavi>	<isMarriedTo>	<Zahra_Rahnavard>	
<id_bi2ynu_16x_gso4sh>	<Zahra_Rahnavard>	<isMarriedTo>	<Mir-Hossein_Mousavi>	
<id_gso4sh_p3m_zkjp59>	<Mir-Hossein_Mousavi>	<hasGender>	<male>	
<id_gso4sh_1s2_1o0ia1g>	<Mir-Hossein_Mousavi>	<isAffiliatedTo>	<The_Green_Path_of_Hope>	
<id_gso4sh_oyl_6prdrt>	<Mir-Hossein_Mousavi>	<wasBornIn>	<Khamaneh>	
<id_gso4sh_10x_1up7f2z>	<Mir-Hossein_Mousavi>	<graduatedFrom>	<Shahid_Beheshti_University>	
<id_gso4sh_1s2_1edkg9z>	<Mir-Hossein_Mousavi>	<isAffiliatedTo>	<Islamic_Republican_Party>	
<id_gso4sh_14h_zjx1yu>	<Mir-Hossein_Mousavi>	<isPoliticianOf>	<Iran>	
<id_gso4sh_ice_7ekavd>	<Mir-Hossein_Mousavi>	<hasWebsite>	<http://www.kaleme.org/>	
<id_gso4sh_12k_5uo9mw>	<Mir-Hossein_Mousavi>	<livesIn>	<Tehran>	
<id_19joj6t_1s2_1mf2lim>	<Parviz_Davoodi>	<isAffiliatedTo>	<Alliance_of_Builders_of_Islamic_Iran>	
<id_19joj6t_p3m_zkjp59>	<Parviz_Davoodi>	<hasGender>	<male>	
<id_19joj6t_10x_1oceeiz>	<Parviz_Davoodi>	<graduatedFrom>	<Iowa_State_University>	
<id_19joj6t_14h_zjx1yu>	<Parviz_Davoodi>	<isPoliticianOf>	<Iran>	
<id_19joj6t_oyl_5uo9mw>	<Parviz_Davoodi>	<wasBornIn>	<Tehran>	
<id_1p146qq_p3m_zkjp59>	<Ahmad_Motamedi>	<hasGender>	<male>	
<id_1p146qq_14h_zjx1yu>	<Ahmad_Motamedi>	<isPoliticianOf>	<Iran>	
<id_1couyr1_11e_39jd4w>	<Abdolhossein_Teymourtash>	<hasChild>	<Iran_Teymourtash>	
<id_1couyr1_p3m_zkjp59>	<Abdolhossein_Teymourtash>	<hasGender>	<male>	
<id_1couyr1_1s2_ulk8te>	<Abdolhossein_Teymourtash>	<isAffiliatedTo>	<Revival_Party>	
<id_1couyr1_dhj_5uo9mw>	<Abdolhossein_Teymourtash>	<diedIn>	<Tehran>	
<id_1couyr1_14h_zjx1yu>	<Abdolhossein_Teymourtash>	<isPoliticianOf>	<Iran>	
<id_1couyr1_oyl_1s1guds>	<Abdolhossein_Teymourtash>	<wasBornIn>	<Bojnord>	
<id_1fqz2qq_p3m_zkjp59>	<Mohsen_Rais>	<hasGender>	<male>	
<id_1fqz2qq_14h_zjx1yu>	<Mohsen_Rais>	<isPoliticianOf>	<Iran>	
<id_nka0o6_p3m_zkjp59>	<Amir_Abdollah_Tahmasebi>	<hasGender>	<male>	
<id_nka0o6_dhj_agpp9>	<Amir_Abdollah_Tahmasebi>	<diedIn>	<Borujerd>	
<id_nka0o6_14h_zjx1yu>	<Amir_Abdollah_Tahmasebi>	<isPoliticianOf>	<Iran>	
<id_nka0o6_oyl_5uo9mw>	<Amir_Abdollah_Tahmasebi>	<wasBornIn>	<Tehran>	
<id_mi31zj_1s2_5pks0f>	<Ahmad_Matin-Daftari>	<isAffiliatedTo>	<Monarchist_Party>	
<id_mi31zj_p3m_zkjp59>	<Ahmad_Matin-Daftari>	<hasGender>	<male>	
<id_mi31zj_dhj_5uo9mw>	<Ahmad_Matin-Daftari>	<diedIn>	<Tehran>	
<id_mi31zj_14h_zjx1yu>	<Ahmad_Matin-Daftari>	<isPoliticianOf>	<Iran>	
<id_mi31zj_oyl_5uo9mw>	<Ahmad_Matin-Daftari>	<wasBornIn>	<Tehran>	
<id_v1jvw0_p3m_zkjp59>	<Gholam_Hossein_Nozari>	<hasGender>	<male>	
<id_v1jvw0_10x_1djzh20>	<Gholam_Hossein_Nozari>	<graduatedFrom>	<Shahid_Chamran_University_of_Ahvaz>	
<id_v1jvw0_10x_knw1r3>	<Gholam_Hossein_Nozari>	<graduatedFrom>	<University_of_Tehran>	
<id_v1jvw0_oyl_1botlu2>	<Gholam_Hossein_Nozari>	<wasBornIn>	<Kazerun>	
<id_v1jvw0_1s2_1edkg9z>	<Gholam_Hossein_Nozari>	<isAffiliatedTo>	<Islamic_Republican_Party>	
<id_v1jvw0_14h_zjx1yu>	<Gholam_Hossein_Nozari>	<isPoliticianOf>	<Iran>	
<id_igxid_p3m_zkjp59>	<Ghaem_Magham_Farahani>	<hasGender>	<male>	
<id_igxid_oyl_nw8bc4>	<Ghaem_Magham_Farahani>	<wasBornIn>	<Arak,_Iran>	
<id_igxid_dhj_5uo9mw>	<Ghaem_Magham_Farahani>	<diedIn>	<Tehran>	
<id_igxid_14h_zjx1yu>	<Ghaem_Magham_Farahani>	<isPoliticianOf>	<Iran>	
<id_101ptv0_oyl_5sd9ji>	<Mahmoud_Djam>	<wasBornIn>	<Tabriz>	
<id_101ptv0_p3m_zkjp59>	<Mahmoud_Djam>	<hasGender>	<male>	
<id_101ptv0_1s2_amggsz>	<Mahmoud_Djam>	<isAffiliatedTo>	<E'tedalion_Party>	
<id_101ptv0_dhj_5uo9mw>	<Mahmoud_Djam>	<diedIn>	<Tehran>	
<id_101ptv0_14h_zjx1yu>	<Mahmoud_Djam>	<isPoliticianOf>	<Iran>	
<id_tq5j8r_14h_zjx1yu>	<de/Najaf_Qoli_Khan_Samsam_al-Saltaneh>	<isPoliticianOf>	<Iran>	
<id_1g3pfm2_oyl_fs1em6>	<Kamran_Daneshjoo>	<wasBornIn>	<Damghan>	
<id_1g3pfm2_p3m_zkjp59>	<Kamran_Daneshjoo>	<hasGender>	<male>	
<id_1g3pfm2_14h_zjx1yu>	<Kamran_Daneshjoo>	<isPoliticianOf>	<Iran>	
<id_1yd3utl_p3m_zkjp59>	<Mohsen_Rafighdoost>	<hasGender>	<male>	
<id_1yd3utl_oyl_5uo9mw>	<Mohsen_Rafighdoost>	<wasBornIn>	<Tehran>	
<id_1yd3utl_14h_zjx1yu>	<Mohsen_Rafighdoost>	<isPoliticianOf>	<Iran>	
<id_1irpyv0_p3m_zkjp59>	<Mahmoud_Farshidi>	<hasGender>	<male>	
<id_1irpyv0_14h_zjx1yu>	<Mahmoud_Farshidi>	<isPoliticianOf>	<Iran>	
<id_1ermtj2_14h_zjx1yu>	<de/Mohammad_Ali_Khan_Ala_al-Saltaneh>	<isPoliticianOf>	<Iran>	
<id_fq69ji_p3m_zkjp59>	<Sadeq_Khalilian>	<hasGender>	<male>	
<id_fq69ji_14h_zjx1yu>	<Sadeq_Khalilian>	<isPoliticianOf>	<Iran>	
<id_1sutk9a_p3m_zkjp59>	<Yahya_Ale_Eshaq>	<hasGender>	<male>	
<id_1sutk9a_oyl_zilrsf>	<Yahya_Ale_Eshaq>	<wasBornIn>	<Qom>	
<id_1sutk9a_14h_zjx1yu>	<Yahya_Ale_Eshaq>	<isPoliticianOf>	<Iran>	
<id_61n2pr_p3m_zkjp59>	<Heidar_Arfaa>	<hasGender>	<male>	
<id_61n2pr_14h_zjx1yu>	<Heidar_Arfaa>	<isPoliticianOf>	<Iran>	
<id_f801qv_10x_1543pta>	<Mohammad_Sa'ed>	<graduatedFrom>	<University_of_Lausanne>	
<id_f801qv_p3m_zkjp59>	<Mohammad_Sa'ed>	<hasGender>	<male>	
<id_f801qv_dhj_5uo9mw>	<Mohammad_Sa'ed>	<diedIn>	<Tehran>	
<id_f801qv_14h_zjx1yu>	<Mohammad_Sa'ed>	<isPoliticianOf>	<Iran>	
<id_f801qv_oyl_14im5d3>	<Mohammad_Sa'ed>	<wasBornIn>	<Maragheh>	
<id_1piws6d_p3m_zkjp59>	<Mostafa_Mir-Salim>	<hasGender>	<male>	
<id_1piws6d_14h_zjx1yu>	<Mostafa_Mir-Salim>	<isPoliticianOf>	<Iran>	
<id_zjjy29_p3m_zkjp59>	<Nasser_Moghadam>	<hasGender>	<male>	
<id_zjjy29_dhj_5uo9mw>	<Nasser_Moghadam>	<diedIn>	<Tehran>	
<id_zjjy29_oyl_5uo9mw>	<Nasser_Moghadam>	<wasBornIn>	<Tehran>	
<id_zjjy29_14h_zjx1yu>	<Nasser_Moghadam>	<isPoliticianOf>	<Iran>	
<id_ujbfzw_14h_zjx1yu>	<nl/Ali_Razmara>	<isPoliticianOf>	<Iran>	
<id_tnnw4m_p3m_zkjp59>	<Mostafa_Moeen>	<hasGender>	<male>	
<id_tnnw4m_oyl_178f68w>	<Mostafa_Moeen>	<wasBornIn>	<Najafabad>	
<id_tnnw4m_10x_11k6fo6>	<Mostafa_Moeen>	<graduatedFrom>	<Shiraz_University>	
<id_tnnw4m_ice_1xwpc4b>	<Mostafa_Moeen>	<hasWebsite>	<http://www.Moeen.ir/>	
<id_tnnw4m_1s2_odpb4p>	<Mostafa_Moeen>	<isAffiliatedTo>	<Islamic_Iran_Participation_Front>	
<id_tnnw4m_12k_zjx1yu>	<Mostafa_Moeen>	<livesIn>	<Iran>	
<id_tnnw4m_12k_5uo9mw>	<Mostafa_Moeen>	<livesIn>	<Tehran>	
<id_tnnw4m_tje_zjx1yu>	<Mostafa_Moeen>	<isCitizenOf>	<Iran>	
<id_tnnw4m_14h_zjx1yu>	<Mostafa_Moeen>	<isPoliticianOf>	<Iran>	
<id_17z05ct_oyl_5sd9ji>	<Abdol-Hossein_Mirza_Farmanfarma>	<wasBornIn>	<Tabriz>	
<id_17z05ct_dhj_5uo9mw>	<Abdol-Hossein_Mirza_Farmanfarma>	<diedIn>	<Tehran>	
<id_17z05ct_14h_zjx1yu>	<Abdol-Hossein_Mirza_Farmanfarma>	<isPoliticianOf>	<Iran>	
<id_khxzk8_p3m_zkjp59>	<Jafar_Towfighi>	<hasGender>	<male>	
<id_khxzk8_14h_zjx1yu>	<Jafar_Towfighi>	<isPoliticianOf>	<Iran>	
<id_1ih5t2o_p3m_zkjp59>	<Hassan_Ali_Mansur>	<hasGender>	<male>	
<id_1ih5t2o_10x_knw1r3>	<Hassan_Ali_Mansur>	<graduatedFrom>	<University_of_Tehran>	
<id_1ih5t2o_1s2_1c0sbdo>	<Hassan_Ali_Mansur>	<isAffiliatedTo>	<New_Iran_Party>	
<id_1ih5t2o_dhj_5uo9mw>	<Hassan_Ali_Mansur>	<diedIn>	<Tehran>	
<id_1ih5t2o_oyl_5uo9mw>	<Hassan_Ali_Mansur>	<wasBornIn>	<Tehran>	
<id_1ih5t2o_14h_zjx1yu>	<Hassan_Ali_Mansur>	<isPoliticianOf>	<Iran>	
<id_8jds2x_p3m_zkjp59>	<Mohammad_Javad_Tondguyan>	<hasGender>	<male>	
<id_8jds2x_14h_zjx1yu>	<Mohammad_Javad_Tondguyan>	<isPoliticianOf>	<Iran>	
<id_1jnrs8i_p3m_zkjp59>	<Hossein_Namazi>	<hasGender>	<male>	
<id_1jnrs8i_14h_zjx1yu>	<Hossein_Namazi>	<isPoliticianOf>	<Iran>	
<id_1ga4yv9_p3m_zkjp59>	<Heydar_Moslehi>	<hasGender>	<male>	
<id_1ga4yv9_10x_knw1r3>	<Heydar_Moslehi>	<graduatedFrom>	<University_of_Tehran>	
<id_1ga4yv9_14h_zjx1yu>	<Heydar_Moslehi>	<isPoliticianOf>	<Iran>	
<id_1ga4yv9_oyl_o4ypyu>	<Heydar_Moslehi>	<wasBornIn>	<Shahreza>	
<id_v5drx5_p3m_zkjp59>	<Dariush_Homayoon>	<hasGender>	<male>	
<id_v5drx5_10x_knw1r3>	<Dariush_Homayoon>	<graduatedFrom>	<University_of_Tehran>	
<id_v5drx5_oyl_5uo9mw>	<Dariush_Homayoon>	<wasBornIn>	<Tehran>	
<id_v5drx5_14h_zjx1yu>	<Dariush_Homayoon>	<isPoliticianOf>	<Iran>	
<id_v5drx5_1s2_lfh8x6>	<Dariush_Homayoon>	<isAffiliatedTo>	<Constitutionalist_Party_of_Iran>	
<id_v5drx5_dhj_1yqat9c>	<Dariush_Homayoon>	<diedIn>	<Geneva>	
<id_30ibi3_p3m_zkjp59>	<Mohammad_Ali_Foroughi>	<hasGender>	<male>	
<id_1tbhke9_11e_30ibi3>	<Rezā_Shāh>	<hasChild>	<Mohammad_Ali_Foroughi>	
<id_30ibi3_10x_jext1q>	<Mohammad_Ali_Foroughi>	<graduatedFrom>	<Tehran_School_of_Political_Science>	
<id_30ibi3_1s2_ulk8te>	<Mohammad_Ali_Foroughi>	<isAffiliatedTo>	<Revival_Party>	
<id_30ibi3_dhj_5uo9mw>	<Mohammad_Ali_Foroughi>	<diedIn>	<Tehran>	
<id_30ibi3_oyl_5uo9mw>	<Mohammad_Ali_Foroughi>	<wasBornIn>	<Tehran>	
<id_30ibi3_14h_zjx1yu>	<Mohammad_Ali_Foroughi>	<isPoliticianOf>	<Iran>	
<id_biin8f_p3m_zkjp59>	<Mahmud_Mahmud>	<hasGender>	<male>	
<id_biin8f_14h_zjx1yu>	<Mahmud_Mahmud>	<isPoliticianOf>	<Iran>	
<id_8qsheu_oyl_5sd9ji>	<Hassan_Pirnia>	<wasBornIn>	<Tabriz>	
<id_8qsheu_p3m_zkjp59>	<Hassan_Pirnia>	<hasGender>	<male>	
<id_8qsheu_dhj_5uo9mw>	<Hassan_Pirnia>	<diedIn>	<Tehran>	
<id_8qsheu_14h_zjx1yu>	<Hassan_Pirnia>	<isPoliticianOf>	<Iran>	
<id_1ql7cqo_14h_zjx1yu>	<de/Mohammed_Hossein_Saif_Qazi>	<isPoliticianOf>	<Iran>	
<id_1jf0iep_p3m_zkjp59>	<Abolhassan_Banisadr>	<hasGender>	<male>	
<id_1jf0iep_1s2_1jvigea>	<Abolhassan_Banisadr>	<isAffiliatedTo>	<Independent_(politician)>	
<id_1jf0iep_oyl_3gh4lc>	<Abolhassan_Banisadr>	<wasBornIn>	<Hamedan>	
<id_1jf0iep_14h_zjx1yu>	<Abolhassan_Banisadr>	<isPoliticianOf>	<Iran>	
<id_enaevp_p3m_zkjp59>	<Karim_Khodapanahi>	<hasGender>	<male>	
<id_enaevp_14h_zjx1yu>	<Karim_Khodapanahi>	<isPoliticianOf>	<Iran>	
<id_nb6hgd_p3m_zkjp59>	<Ali_Shayegan>	<hasGender>	<male>	
<id_nb6hgd_14h_zjx1yu>	<Ali_Shayegan>	<isPoliticianOf>	<Iran>	
<id_ml4joc_p3m_zkjp59>	<Amanullah_Jahanbani>	<hasGender>	<male>	
<id_ml4joc_14h_zjx1yu>	<Amanullah_Jahanbani>	<isPoliticianOf>	<Iran>	
<id_1v3u0fp_p3m_zkjp59>	<Alireza_Sheikhattar>	<hasGender>	<male>	
<id_1v3u0fp_14h_zjx1yu>	<Alireza_Sheikhattar>	<isPoliticianOf>	<Iran>	
<id_cplzy7_p3m_zkjp59>	<Ali_Akbar_Salehi>	<hasGender>	<male>	
<id_cplzy7_10x_1rlrq5d>	<Ali_Akbar_Salehi>	<graduatedFrom>	<American_University_of_Beirut>	
<id_cplzy7_oyl_1bkczao>	<Ali_Akbar_Salehi>	<wasBornIn>	<Karbala>	
<id_cplzy7_1c7_fwafw5>	<Ali_Akbar_Salehi>	<isLeaderOf>	<Atomic_Energy_Organization_of_Iran>	
<id_cplzy7_14h_zjx1yu>	<Ali_Akbar_Salehi>	<isPoliticianOf>	<Iran>	
<id_1aejxfk_p3m_zkjp59>	<Abdolreza_Rahmani_Fazli>	<hasGender>	<male>	
<id_1aejxfk_10x_ekto6k>	<Abdolreza_Rahmani_Fazli>	<graduatedFrom>	<Tarbiat_Modares_University>	
<id_1aejxfk_oyl_13icvce>	<Abdolreza_Rahmani_Fazli>	<wasBornIn>	<Shirvan,_Iran>	
<id_1aejxfk_1s2_yol6ui>	<Abdolreza_Rahmani_Fazli>	<isAffiliatedTo>	<Islamic_Society_of_Engineers>	
<id_1aejxfk_14h_zjx1yu>	<Abdolreza_Rahmani_Fazli>	<isPoliticianOf>	<Iran>	
<id_111im9r_p3m_zkjp59>	<Teymur_Bakhtiar>	<hasGender>	<male>	
<id_111im9r_oyl_11mfgx3>	<Teymur_Bakhtiar>	<wasBornIn>	<Shahr-e_Kord>	
<id_111im9r_14h_zjx1yu>	<Teymur_Bakhtiar>	<isPoliticianOf>	<Iran>	
<id_hyvfvs_p3m_zkjp59>	<Hamid_Behbahani>	<hasGender>	<male>	
<id_hyvfvs_oyl_1pks14h>	<Hamid_Behbahani>	<wasBornIn>	<Behbahan>	
<id_hyvfvs_1s2_njlemu>	<Hamid_Behbahani>	<isAffiliatedTo>	<Islamic_Coalition_Party>	
<id_hyvfvs_14h_zjx1yu>	<Hamid_Behbahani>	<isPoliticianOf>	<Iran>	
<id_1fyxsjz_p3m_zkjp59>	<Mahmoud_Alavi>	<hasGender>	<male>	
<id_1fyxsjz_oyl_2071sv>	<Mahmoud_Alavi>	<wasBornIn>	<Lamerd>	
<id_1fyxsjz_14h_zjx1yu>	<Mahmoud_Alavi>	<isPoliticianOf>	<Iran>	
<id_cry5n4_p3m_zkjp59>	<Morteza_Bakhtiari>	<hasGender>	<male>	
<id_cry5n4_14h_zjx1yu>	<Morteza_Bakhtiari>	<isPoliticianOf>	<Iran>	
